chr  	chromStart 	chromEnd  	CpGNum
chr1 	     28735 	    29737 	   111
chr1 	    135124 	   135563 	    30
chr1 	    199251 	   200121 	   104
chr1 	    368792 	   370063 	    99
chr1 	    381172 	   382185 	    84
chr1 	    491107 	   491546 	    29
chr1 	    597839 	   598734 	    94
chr1 	    609358 	   611269 	   171
chr1 	    778604 	   779167 	    60
chr1 	    827036 	   828065 	   111
chr1 	    853483 	   853831 	    28
chr1 	    866595 	   866958 	    24
chr1 	    869818 	   870248 	    50
chr1 	    904314 	   905239 	   119
chr1 	    908919 	   910503 	   154
chr1 	    919385 	   919593 	    16
chr1 	    923590 	   926252 	   325
chr1 	    933952 	   934964 	    92
chr1 	    935577 	   935956 	    27
chr1 	    936259 	   936492 	    20
chr1 	    940225 	   942983 	   254
chr1 	    950976 	   951222 	    18
chr1 	    958933 	   967274 	   616
chr1 	    970916 	   971158 	    23
chr1 	    976046 	   979425 	   248
chr1 	    984346 	   984547 	    15
chr1 	    998007 	  1002030 	   410
chr1 	   1013290 	  1013514 	    19
chr1 	   1013949 	  1014471 	    35
chr1 	   1019388 	  1020963 	   135
chr1 	   1028415 	  1029127 	    54
chr1 	   1032586 	  1034858 	   183
chr1 	   1040116 	  1044925 	   347
chr1 	   1045688 	  1046020 	    26
chr1 	   1046772 	  1047131 	    26
chr1 	   1047794 	  1048232 	    32
chr1 	   1048826 	  1049049 	    19
chr1 	   1054894 	  1055314 	    29
chr1 	   1056298 	  1056699 	    35
chr1 	   1059056 	  1059923 	    96
chr1 	   1064298 	  1064531 	    20
chr1 	   1067283 	  1069938 	   229
chr1 	   1071836 	  1072253 	    41
chr1 	   1076129 	  1078022 	   122
chr1 	   1080679 	  1080980 	    20
chr1 	   1081483 	  1082059 	    41
chr1 	   1082719 	  1083010 	    30
chr1 	   1084438 	  1084646 	    15
chr1 	   1087763 	  1087967 	    19
chr1 	   1088695 	  1089234 	    44
chr1 	   1090997 	  1091245 	    20
chr1 	   1092129 	  1092350 	    18
chr1 	   1110664 	  1110960 	    25
chr1 	   1115135 	  1117065 	   186
chr1 	   1136989 	  1137467 	    55
chr1 	   1157831 	  1158096 	    25
chr1 	   1162663 	  1165204 	   180
chr1 	   1173934 	  1174765 	    59
chr1 	   1197447 	  1197838 	    40
chr1 	   1200980 	  1201776 	   105
chr1 	   1206290 	  1206770 	    55
chr1 	   1210188 	  1210498 	    25
chr1 	   1211328 	  1211534 	    16
chr1 	   1213675 	  1214144 	    36
chr1 	   1217142 	  1217754 	    78
chr1 	   1218404 	  1219039 	    44
chr1 	   1222937 	  1223222 	    29
chr1 	   1226579 	  1226901 	    24
chr1 	   1231621 	  1233605 	   271
chr1 	   1242505 	  1242827 	    26
chr1 	   1246376 	  1247090 	    87
chr1 	   1254016 	  1254865 	    68
chr1 	   1255142 	  1255419 	    25
chr1 	   1258981 	  1259378 	    28
chr1 	   1267786 	  1268084 	    23
chr1 	   1273135 	  1274437 	   144
chr1 	   1286017 	  1294783 	   590
chr1 	   1296481 	  1298279 	   128
chr1 	   1307020 	  1309805 	   298
chr1 	   1312606 	  1313113 	    36
chr1 	   1318942 	  1319168 	    18
chr1 	   1324263 	  1325255 	   116
chr1 	   1327285 	  1328040 	    66
chr1 	   1331705 	  1331906 	    16
chr1 	   1332055 	  1333606 	   116
chr1 	   1336045 	  1336694 	    51
chr1 	   1336997 	  1337254 	    20
chr1 	   1338106 	  1340460 	   152
chr1 	   1341237 	  1341468 	    17
chr1 	   1348553 	  1351571 	   310
chr1 	   1354327 	  1355746 	   155
chr1 	   1373760 	  1375659 	   158
chr1 	   1387264 	  1387544 	    25
chr1 	   1398691 	  1400222 	   145
chr1 	   1406728 	  1407555 	    92
chr1 	   1419779 	  1420620 	   113
chr1 	   1426180 	  1426407 	    20
chr1 	   1427516 	  1427953 	    53
chr1 	   1430792 	  1431014 	    18
chr1 	   1435560 	  1436069 	    57
chr1 	   1439081 	  1440204 	   115
chr1 	   1454175 	  1454509 	    27
chr1 	   1460705 	  1460958 	    19
chr1 	   1471464 	  1472441 	   104
chr1 	   1478654 	  1479152 	    40
chr1 	   1481905 	  1482373 	    42
chr1 	   1484846 	  1485304 	    34
chr1 	   1509208 	  1509469 	    19
chr1 	   1511498 	  1512825 	   151
chr1 	   1517321 	  1517819 	    40
chr1 	   1519922 	  1520512 	    48
chr1 	   1521449 	  1521694 	    18
chr1 	   1522574 	  1523649 	    77
chr1 	   1529128 	  1529426 	    23
chr1 	   1535224 	  1536210 	    83
chr1 	   1537727 	  1537962 	    21
chr1 	   1539582 	  1541289 	   154
chr1 	   1554152 	  1554414 	    25
chr1 	   1561381 	  1561606 	    16
chr1 	   1574102 	  1575367 	   139
chr1 	   1598951 	  1600756 	   170
chr1 	   1615073 	  1616635 	   176
chr1 	   1623207 	  1623979 	    73
chr1 	   1625400 	  1625675 	    27
chr1 	   1626669 	  1634630 	   612
chr1 	   1635670 	  1636108 	    31
chr1 	   1639975 	  1640670 	    46
chr1 	   1645016 	  1645234 	    24
chr1 	   1658612 	  1659481 	    85
chr1 	   1669542 	  1669792 	    21
chr1 	   1676459 	  1676804 	    27
chr1 	   1692087 	  1693628 	   160
chr1 	   1699647 	  1701787 	   178
chr1 	   1702813 	  1703251 	    31
chr1 	   1712154 	  1712372 	    25
chr1 	   1723956 	  1724792 	    84
chr1 	   1739317 	  1739662 	    27
chr1 	   1745362 	  1746894 	   157
chr1 	   1753934 	  1754532 	    48
chr1 	   1760328 	  1760624 	    22
chr1 	   1777955 	  1779143 	   151
chr1 	   1782200 	  1782702 	    45
chr1 	   1889966 	  1891833 	   199
chr1 	   1908519 	  1909162 	    78
chr1 	   1918659 	  1919952 	   120
chr1 	   1927807 	  1928084 	    22
chr1 	   1943276 	  1943576 	    25
chr1 	   1944178 	  1944438 	    23
chr1 	   1954905 	  1955431 	    46
chr1 	   1964975 	  1965189 	    18
chr1 	   1966142 	  1966347 	    17
chr1 	   1978829 	  1982361 	   265
chr1 	   2018972 	  2020040 	   128
chr1 	   2025607 	  2025947 	    35
chr1 	   2027975 	  2028428 	    44
chr1 	   2029503 	  2029709 	    15
chr1 	   2029968 	  2030411 	    38
chr1 	   2043247 	  2043503 	    22
chr1 	   2044684 	  2045207 	    61
chr1 	   2049812 	  2051773 	   218
chr1 	   2059340 	  2059732 	    29
chr1 	   2073740 	  2074126 	    40
chr1 	   2093766 	  2094786 	    82
chr1 	   2107116 	  2107424 	    21
chr1 	   2109558 	  2109863 	    23
chr1 	   2114990 	  2115426 	    32
chr1 	   2121722 	  2124405 	   184
chr1 	   2132343 	  2132613 	    20
chr1 	   2133189 	  2133740 	    54
chr1 	   2134928 	  2135227 	    22
chr1 	   2150875 	  2151090 	    17
chr1 	   2169414 	  2169746 	    28
chr1 	   2172837 	  2173047 	    25
chr1 	   2184993 	  2185362 	    34
chr1 	   2189578 	  2190379 	    55
chr1 	   2194449 	  2195203 	    75
chr1 	   2204478 	  2205912 	   143
chr1 	   2212760 	  2213058 	    24
chr1 	   2226773 	  2229734 	   366
chr1 	   2280581 	  2282442 	   179
chr1 	   2290759 	  2291130 	    26
chr1 	   2300871 	  2301178 	    23
chr1 	   2303869 	  2304228 	    30
chr1 	   2305003 	  2307630 	   205
chr1 	   2314275 	  2315647 	   133
chr1 	   2317876 	  2318195 	    27
chr1 	   2322284 	  2323319 	    75
chr1 	   2326658 	  2326984 	    23
chr1 	   2327625 	  2327887 	    24
chr1 	   2331745 	  2332031 	    40
chr1 	   2334568 	  2334993 	    30
chr1 	   2344919 	  2345218 	    24
chr1 	   2372720 	  2372937 	    16
chr1 	   2384914 	  2385310 	    37
chr1 	   2391042 	  2392325 	   149
chr1 	   2402111 	  2402733 	    43
chr1 	   2408437 	  2408807 	    26
chr1 	   2411946 	  2413278 	   112
chr1 	   2414452 	  2414717 	    19
chr1 	   2428487 	  2428728 	    24
chr1 	   2433987 	  2434240 	    20
chr1 	   2440407 	  2440634 	    17
chr1 	   2443379 	  2444375 	   102
chr1 	   2456230 	  2456647 	    30
chr1 	   2467386 	  2467616 	    27
chr1 	   2478353 	  2478610 	    22
chr1 	   2479686 	  2479965 	    24
chr1 	   2483759 	  2484067 	    29
chr1 	   2502147 	  2502626 	    42
chr1 	   2503602 	  2503818 	    18
chr1 	   2504115 	  2504389 	    24
chr1 	   2508358 	  2508583 	    17
chr1 	   2508687 	  2509039 	    30
chr1 	   2513916 	  2514209 	    24
chr1 	   2518483 	  2518767 	    25
chr1 	   2519778 	  2520112 	    29
chr1 	   2521356 	  2521568 	    16
chr1 	   2525802 	  2526820 	    98
chr1 	   2529321 	  2530571 	   100
chr1 	   2535495 	  2535773 	    23
chr1 	   2540656 	  2541147 	    54
chr1 	   2546432 	  2546924 	    47
chr1 	   2585958 	  2587453 	   140
chr1 	   2595800 	  2596064 	    20
chr1 	   2606232 	  2606447 	    19
chr1 	   2628453 	  2629253 	    62
chr1 	   2642591 	  2643425 	    86
chr1 	   2789460 	  2790396 	   114
chr1 	   2800176 	  2800668 	    41
chr1 	   2855561 	  2856100 	    44
chr1 	   2860592 	  2860796 	    15
chr1 	   2911220 	  2911729 	    40
chr1 	   2930491 	  2930723 	    19
chr1 	   2934100 	  2934308 	    16
chr1 	   2959980 	  2960243 	    21
chr1 	   2968497 	  2968719 	    18
chr1 	   2970024 	  2970358 	    23
chr1 	   3001801 	  3002189 	    34
chr1 	   3012591 	  3012812 	    22
chr1 	   3022069 	  3022479 	    28
chr1 	   3062711 	  3064194 	   132
chr1 	   3067361 	  3071398 	   442
chr1 	   3073466 	  3074154 	    82
chr1 	   3080708 	  3080909 	    15
chr1 	   3083163 	  3083414 	    19
chr1 	   3111615 	  3111993 	    30
chr1 	   3121503 	  3121779 	    20
chr1 	   3139977 	  3140208 	    21
chr1 	   3142486 	  3142704 	    17
chr1 	   3155335 	  3155675 	    27
chr1 	   3164370 	  3164728 	    29
chr1 	   3185976 	  3186788 	    55
chr1 	   3188392 	  3188689 	    27
chr1 	   3194583 	  3195345 	    58
chr1 	   3231281 	  3231517 	    19
chr1 	   3238596 	  3238797 	    18
chr1 	   3240945 	  3241736 	    61
chr1 	   3247405 	  3248079 	    65
chr1 	   3266257 	  3266652 	    33
chr1 	   3267982 	  3268260 	    26
chr1 	   3278812 	  3279488 	    47
chr1 	   3287201 	  3287889 	    61
chr1 	   3323351 	  3323697 	    24
chr1 	   3358465 	  3358720 	    18
chr1 	   3390505 	  3390721 	    20
chr1 	   3393538 	  3394471 	    84
chr1 	   3404705 	  3405746 	    75
chr1 	   3408682 	  3409115 	    37
chr1 	   3411427 	  3412860 	   101
chr1 	   3414476 	  3414715 	    19
chr1 	   3415422 	  3415663 	    19
chr1 	   3425448 	  3425762 	    25
chr1 	   3425974 	  3426242 	    21
chr1 	   3434801 	  3435068 	    23
chr1 	   3454341 	  3455119 	    98
chr1 	   3478137 	  3478627 	    34
chr1 	   3500442 	  3500655 	    18
chr1 	   3509012 	  3509233 	    21
chr1 	   3509797 	  3510006 	    21
chr1 	   3510791 	  3511119 	    26
chr1 	   3519424 	  3519686 	    20
chr1 	   3530885 	  3531495 	    71
chr1 	   3543310 	  3543705 	    28
chr1 	   3583338 	  3583906 	    46
chr1 	   3595145 	  3595554 	    29
chr1 	   3611055 	  3611514 	    59
chr1 	   3624203 	  3625677 	   160
chr1 	   3640399 	  3640637 	    18
chr1 	   3643388 	  3644445 	   113
chr1 	   3645293 	  3645559 	    42
chr1 	   3649780 	  3653072 	   302
chr1 	   3690532 	  3690989 	    40
chr1 	   3706754 	  3706957 	    15
chr1 	   3718069 	  3718537 	    36
chr1 	   3732730 	  3733110 	    36
chr1 	   3746399 	  3747406 	    96
chr1 	   3771989 	  3773120 	   105
chr1 	   3786900 	  3787344 	    31
chr1 	   3795834 	  3796668 	    91
chr1 	   3814894 	  3815451 	    38
chr1 	   3856623 	  3857901 	   110
chr1 	   3858513 	  3858805 	    21
chr1 	   3874300 	  3875047 	    49
chr1 	   3891926 	  3892672 	    48
chr1 	   3899792 	  3901520 	   133
chr1 	   3907655 	  3907892 	    18
chr1 	   4132573 	  4133183 	    41
chr1 	   4161327 	  4161612 	    23
chr1 	   4653929 	  4656495 	   317
chr1 	   4666516 	  4666807 	    23
chr1 	   4711592 	  4712485 	    74
chr1 	   4772291 	  4772493 	    17
chr1 	   5711996 	  5712453 	    43
chr1 	   5733497 	  5733724 	    16
chr1 	   5877097 	  5877332 	    22
chr1 	   5890764 	  5890969 	    16
chr1 	   5991535 	  5993346 	   189
chr1 	   6026184 	  6026434 	    20
chr1 	   6051549 	  6051776 	    20
chr1 	   6071575 	  6071925 	    34
chr1 	   6127683 	  6128175 	    41
chr1 	   6128813 	  6129060 	    22
chr1 	   6142058 	  6142299 	    20
chr1 	   6148656 	  6148979 	    35
chr1 	   6179177 	  6180754 	   175
chr1 	   6180971 	  6181191 	    17
chr1 	   6199118 	  6199823 	    59
chr1 	   6205765 	  6206718 	    96
chr1 	   6208760 	  6209528 	    92
chr1 	   6235468 	  6236201 	    90
chr1 	   6241815 	  6242796 	   106
chr1 	   6245088 	  6246403 	   122
chr1 	   6249103 	  6250032 	   128
chr1 	   6253701 	  6254079 	    35
chr1 	   6260077 	  6260991 	   105
chr1 	   6279888 	  6280208 	    22
chr1 	   6281076 	  6281352 	    21
chr1 	   6392959 	  6394125 	   135
chr1 	   6418997 	  6420878 	   177
chr1 	   6424443 	  6425267 	    85
chr1 	   6440108 	  6441070 	    88
chr1 	   6447147 	  6449126 	   172
chr1 	   6451629 	  6452050 	    32
chr1 	   6454048 	  6455985 	   206
chr1 	   6456064 	  6456265 	    15
chr1 	   6460524 	  6461895 	   109
chr1 	   6466114 	  6466361 	    31
chr1 	   6470612 	  6470818 	    19
chr1 	   6471411 	  6471676 	    32
chr1 	   6485083 	  6485858 	    75
chr1 	   6490023 	  6491055 	    84
chr1 	   6497090 	  6497812 	    89
chr1 	   6554076 	  6554775 	    72
chr1 	   6579367 	  6580301 	    80
chr1 	   6593337 	  6593614 	    23
chr1 	   6599065 	  6599445 	    27
chr1 	   6601716 	  6603784 	   226
chr1 	   6612726 	  6615681 	   310
chr1 	   6625011 	  6625780 	    77
chr1 	   6701235 	  6702071 	    96
chr1 	   6784253 	  6786306 	   245
chr1 	   6961941 	  6962248 	    23
chr1 	   7062459 	  7062667 	    16
chr1 	   7663340 	  7665115 	   111
chr1 	   7680083 	  7681057 	    98
chr1 	   7704113 	  7705796 	   237
chr1 	   7770991 	  7771786 	    91
chr1 	   7783400 	  7785044 	   176
chr1 	   7827138 	  7827416 	    25
chr1 	   7942348 	  7942639 	    31
chr1 	   7953933 	  7954591 	    62
chr1 	   7961241 	  7962166 	    85
chr1 	   8025494 	  8026794 	   155
chr1 	   8211936 	  8212142 	    15
chr1 	   8217135 	  8217762 	    63
chr1 	   8317724 	  8318275 	    61
chr1 	   8324327 	  8324659 	    24
chr1 	   8325835 	  8326108 	    21
chr1 	   8330142 	  8330740 	    46
chr1 	   8335283 	  8335575 	    23
chr1 	   8343637 	  8344042 	    32
chr1 	   8358262 	  8358490 	    18
chr1 	   8423329 	  8424279 	   100
chr1 	   8702946 	  8703521 	    69
chr1 	   8816953 	  8818004 	   100
chr1 	   8878254 	  8879287 	   112
chr1 	   9039221 	  9040454 	    93
chr1 	   9128444 	  9129417 	   115
chr1 	   9182108 	  9183768 	   162
chr1 	   9198506 	  9198897 	    38
chr1 	   9234342 	  9235393 	   115
chr1 	   9264143 	  9264380 	    20
chr1 	   9264628 	  9264957 	    23
chr1 	   9292330 	  9293834 	   156
chr1 	   9356067 	  9356345 	    24
chr1 	   9367448 	  9367675 	    22
chr1 	   9428878 	  9429190 	    33
chr1 	   9495320 	  9495593 	    32
chr1 	   9539291 	  9540385 	   134
chr1 	   9588674 	  9589459 	   119
chr1 	   9610559 	  9610810 	    19
chr1 	   9627067 	  9627309 	    30
chr1 	   9651674 	  9652943 	   137
chr1 	   9689237 	  9690170 	   102
chr1 	   9715650 	  9715939 	    26
chr1 	   9730234 	  9730646 	    30
chr1 	   9731100 	  9731428 	    26
chr1 	   9762518 	  9762759 	    19
chr1 	   9822953 	  9824609 	   188
chr1 	   9909787 	  9910631 	   113
chr1 	   9943107 	  9943527 	    39
chr1 	   9997209 	  9998050 	   102
chr1 	  10032474 	 10033346 	    84
chr1 	  10209957 	 10211248 	   156
chr1 	  10326125 	 10326332 	    18
chr1 	  10398491 	 10399940 	   147
chr1 	  10430143 	 10431015 	    99
chr1 	  10472120 	 10472743 	    59
chr1 	  10474861 	 10475115 	    22
chr1 	  10638242 	 10640041 	   173
chr1 	  10647753 	 10648083 	    25
chr1 	  10653781 	 10654146 	    30
chr1 	  10654344 	 10654651 	    22
chr1 	  10659810 	 10660524 	    48
chr1 	  10665130 	 10665560 	    36
chr1 	  10693716 	 10695464 	   157
chr1 	  10697834 	 10698195 	    27
chr1 	  10704392 	 10704868 	    43
chr1 	  10793837 	 10796907 	   244
chr1 	  10835838 	 10836060 	    20
chr1 	  10866898 	 10867422 	    50
chr1 	  10888467 	 10889109 	    75
chr1 	  11012340 	 11013188 	    88
chr1 	  11058973 	 11060577 	   146
chr1 	  11099330 	 11100079 	    77
chr1 	  11262201 	 11262979 	    60
chr1 	  11273202 	 11273490 	    29
chr1 	  11478612 	 11480554 	   196
chr1 	  11501309 	 11502099 	    80
chr1 	  11529781 	 11529987 	    20
chr1 	  11536325 	 11536565 	    23
chr1 	  11648710 	 11649220 	    40
chr1 	  11650402 	 11650731 	    35
chr1 	  11654160 	 11655249 	   107
chr1 	  11664056 	 11664828 	    92
chr1 	  11680342 	 11681660 	   128
chr1 	  11690644 	 11692594 	   190
chr1 	  11719509 	 11719959 	    34
chr1 	  11735918 	 11736206 	    32
chr1 	  11762082 	 11762306 	    25
chr1 	  11805405 	 11806509 	    92
chr1 	  11838336 	 11838675 	    28
chr1 	  11859058 	 11859498 	    43
chr1 	  11925586 	 11926078 	    58
chr1 	  11934692 	 11934912 	    27
chr1 	  11980056 	 11980736 	    73
chr1 	  12019194 	 12019846 	    66
chr1 	  12063431 	 12064091 	    63
chr1 	  12166819 	 12167655 	    95
chr1 	  12191277 	 12191928 	    51
chr1 	  12229897 	 12230528 	    77
chr1 	  12230898 	 12231142 	    23
chr1 	  12540321 	 12540530 	    18
chr1 	  12595876 	 12596235 	    36
chr1 	  12616978 	 12618636 	   124
chr1 	  13513010 	 13514118 	   128
chr1 	  13554915 	 13555117 	    23
chr1 	  13583111 	 13583347 	    22
chr1 	  13583642 	 13584373 	    59
chr1 	  13699986 	 13700705 	   113
chr1 	  13748772 	 13749963 	   116
chr1 	  13892855 	 13893242 	    41
chr1 	  14598114 	 14599497 	   116
chr1 	  14801087 	 14801373 	    21
chr1 	  14923877 	 14925049 	   155
chr1 	  15048567 	 15048917 	    31
chr1 	  15065685 	 15066023 	    33
chr1 	  15152723 	 15154975 	   198
chr1 	  15214685 	 15214951 	    20
chr1 	  15247124 	 15247457 	    45
chr1 	  15409554 	 15410732 	   127
chr1 	  15524103 	 15525086 	   105
chr1 	  15526613 	 15527168 	    53
chr1 	  15584593 	 15585113 	    62
chr1 	  15603328 	 15603794 	    44
chr1 	  15617326 	 15617861 	    60
chr1 	  15684083 	 15685007 	    91
chr1 	  15727121 	 15727480 	    25
chr1 	  15731802 	 15732010 	    17
chr1 	  15744133 	 15744358 	    18
chr1 	  15746823 	 15747026 	    15
chr1 	  15758576 	 15759367 	    99
chr1 	  15834765 	 15836385 	   152
chr1 	  15837257 	 15837628 	    41
chr1 	  15847394 	 15848901 	   172
chr1 	  15849334 	 15849622 	    27
chr1 	  15934375 	 15934660 	    22
chr1 	  15943405 	 15943764 	    28
chr1 	  15944096 	 15945087 	    82
chr1 	  15975407 	 15976177 	    85
chr1 	  16073153 	 16073496 	    45
chr1 	  16137881 	 16138126 	    20
chr1 	  16148616 	 16148829 	    20
chr1 	  16154989 	 16155965 	    89
chr1 	  16167566 	 16168010 	    48
chr1 	  16206422 	 16208085 	   145
chr1 	  16217188 	 16217812 	    44
chr1 	  16226831 	 16227165 	    37
chr1 	  16237049 	 16237304 	    37
chr1 	  16352079 	 16352697 	    52
chr1 	  16367126 	 16367775 	    56
chr1 	  16440503 	 16441308 	    70
chr1 	  16498643 	 16499882 	   126
chr1 	  16514289 	 16514533 	    18
chr1 	  16520785 	 16521397 	    42
chr1 	  16534378 	 16535801 	   105
chr1 	  16547906 	 16548318 	    41
chr1 	  16612961 	 16613959 	    88
chr1 	  16644360 	 16644997 	    64
chr1 	  16646990 	 16648550 	   131
chr1 	  16658282 	 16658558 	    31
chr1 	  16666956 	 16667195 	    19
chr1 	  16680247 	 16680656 	    38
chr1 	  16692188 	 16694464 	   241
chr1 	  16696491 	 16696789 	    25
chr1 	  16699567 	 16701447 	   181
chr1 	  16707273 	 16708233 	    95
chr1 	  16724996 	 16725396 	    38
chr1 	  16740268 	 16740507 	    19
chr1 	  16748909 	 16749185 	    30
chr1 	  16758916 	 16760479 	   126
chr1 	  16859616 	 16860028 	    41
chr1 	  16871066 	 16871354 	    23
chr1 	  16872131 	 16873554 	   103
chr1 	  16888926 	 16889599 	    51
chr1 	  16895732 	 16895971 	    18
chr1 	  16904803 	 16905185 	    26
chr1 	  16913543 	 16914475 	   112
chr1 	  16955323 	 16955561 	    22
chr1 	  16960795 	 16961189 	    32
chr1 	  16966409 	 16966620 	    19
chr1 	  16980056 	 16980868 	    75
chr1 	  17005390 	 17005598 	    17
chr1 	  17011334 	 17012087 	    86
chr1 	  17053961 	 17054227 	    31
chr1 	  17119156 	 17119593 	    52
chr1 	  17149207 	 17149580 	    37
chr1 	  17407939 	 17408149 	    18
chr1 	  17419704 	 17420051 	    30
chr1 	  17437576 	 17439981 	   246
chr1 	  17539434 	 17540048 	   100
chr1 	  17622957 	 17623175 	    17
chr1 	  17696986 	 17697297 	    32
chr1 	  17825883 	 17826347 	    31
chr1 	  18107611 	 18108319 	    70
chr1 	  18109072 	 18109410 	    29
chr1 	  18110057 	 18111179 	    90
chr1 	  18365380 	 18365587 	    18
chr1 	  18376801 	 18377002 	    21
chr1 	  18482379 	 18483173 	    81
chr1 	  18630401 	 18633335 	   201
chr1 	  18636321 	 18636987 	    58
chr1 	  18637686 	 18637907 	    20
chr1 	  18640757 	 18641625 	    62
chr1 	  18643054 	 18644245 	    98
chr1 	  18645235 	 18645603 	    30
chr1 	  18646534 	 18647239 	    52
chr1 	  18784226 	 18784438 	    19
chr1 	  18854451 	 18854975 	    44
chr1 	  18877380 	 18877740 	    37
chr1 	  18883132 	 18883420 	    21
chr1 	  18902334 	 18903140 	    75
chr1 	  18955454 	 18957389 	   182
chr1 	  19209657 	 19210552 	    83
chr1 	  19251390 	 19252214 	    82
chr1 	  19273755 	 19274448 	    72
chr1 	  19288504 	 19289166 	    73
chr1 	  19311713 	 19312815 	   120
chr1 	  19338516 	 19338782 	    25
chr1 	  19485209 	 19486150 	    84
chr1 	  19596847 	 19597508 	    61
chr1 	  19643761 	 19645429 	   196
chr1 	  19664653 	 19666295 	   164
chr1 	  19679017 	 19679372 	    27
chr1 	  19800029 	 19800287 	    26
chr1 	  19882314 	 19882969 	    80
chr1 	  20185867 	 20186304 	    36
chr1 	  20242962 	 20243324 	    34
chr1 	  20343073 	 20343525 	    38
chr1 	  20366089 	 20367041 	   110
chr1 	  20483969 	 20487018 	   264
chr1 	  20507923 	 20508390 	    43
chr1 	  20552401 	 20554002 	   186
chr1 	  20633371 	 20634058 	    69
chr1 	  20661023 	 20661745 	    61
chr1 	  20696446 	 20696696 	    19
chr1 	  20704515 	 20704876 	    34
chr1 	  20717339 	 20718278 	   108
chr1 	  20731513 	 20732873 	   109
chr1 	  20786215 	 20787628 	   175
chr1 	  21176622 	 21177343 	    77
chr1 	  21225081 	 21225438 	    32
chr1 	  21289887 	 21290608 	    73
chr1 	  21344867 	 21345826 	   104
chr1 	  21427995 	 21429502 	   180
chr1 	  21436577 	 21436923 	    34
chr1 	  21439779 	 21440731 	    90
chr1 	  21459952 	 21460220 	    23
chr1 	  21509055 	 21509851 	    69
chr1 	  21603686 	 21603887 	    20
chr1 	  21622181 	 21622770 	    47
chr1 	  21651791 	 21652220 	    51
chr1 	  21659210 	 21659609 	    50
chr1 	  21668570 	 21669450 	    69
chr1 	  21669668 	 21669916 	    24
chr1 	  21782636 	 21783768 	   111
chr1 	  21814406 	 21814914 	    52
chr1 	  21823190 	 21823404 	    19
chr1 	  21828807 	 21829072 	    22
chr1 	  21864856 	 21865099 	    23
chr1 	  21884499 	 21884825 	    25
chr1 	  21887409 	 21887626 	    16
chr1 	  21936853 	 21937784 	   114
chr1 	  22025424 	 22025701 	    22
chr1 	  22052516 	 22053536 	   112
chr1 	  22120027 	 22120450 	    35
chr1 	  22129530 	 22129732 	    17
chr1 	  22142419 	 22143759 	   164
chr1 	  22285721 	 22285925 	    19
chr1 	  22342145 	 22342381 	    18
chr1 	  22451743 	 22452324 	    62
chr1 	  22563102 	 22563603 	    68
chr1 	  22576309 	 22576920 	    47
chr1 	  22593280 	 22593714 	    32
chr1 	  22600652 	 22601049 	    30
chr1 	  22647557 	 22647810 	    19
chr1 	  22676923 	 22677338 	    33
chr1 	  22710330 	 22711869 	   162
chr1 	  22784411 	 22785074 	    46
chr1 	  22953060 	 22954076 	   126
chr1 	  23019321 	 23020184 	    80
chr1 	  23167746 	 23168947 	    92
chr1 	  23177566 	 23178140 	    60
chr1 	  23216884 	 23217744 	    87
chr1 	  23343752 	 23344870 	   127
chr1 	  23368197 	 23369557 	   106
chr1 	  23424303 	 23425170 	    81
chr1 	  23436661 	 23437478 	    56
chr1 	  23483484 	 23484862 	   121
chr1 	  23530541 	 23531597 	   106
chr1 	  23554526 	 23555264 	    76
chr1 	  23558351 	 23558596 	    23
chr1 	  23559191 	 23559721 	    49
chr1 	  23568013 	 23568574 	    66
chr1 	  23691865 	 23692077 	    17
chr1 	  23743205 	 23744125 	   121
chr1 	  23778012 	 23778773 	    81
chr1 	  23790992 	 23791302 	    32
chr1 	  23800300 	 23801059 	    81
chr1 	  23867764 	 23868500 	    84
chr1 	  23902625 	 23903047 	    63
chr1 	  23959295 	 23960211 	    97
chr1 	  23979873 	 23980527 	    80
chr1 	  24187050 	 24187987 	    81
chr1 	  24321712 	 24322684 	    91
chr1 	  24413367 	 24413772 	    37
chr1 	  24416181 	 24416549 	    24
chr1 	  24502375 	 24503388 	   108
chr1 	  24535212 	 24535430 	    19
chr1 	  24555948 	 24556297 	    45
chr1 	  24642536 	 24643705 	   126
chr1 	  24744861 	 24746095 	   127
chr1 	  24848069 	 24848876 	    86
chr1 	  24902005 	 24902641 	    47
chr1 	  24907937 	 24908316 	    44
chr1 	  24929036 	 24932514 	   357
chr1 	  25232072 	 25232687 	    45
chr1 	  25239968 	 25240220 	    24
chr1 	  25246475 	 25248030 	   157
chr1 	  25266786 	 25267187 	    36
chr1 	  25267466 	 25267996 	    49
chr1 	  25337115 	 25337516 	    37
chr1 	  25337795 	 25338907 	   102
chr1 	  25430074 	 25431624 	   151
chr1 	  25543402 	 25544551 	   109
chr1 	  25616170 	 25616675 	    57
chr1 	  25617483 	 25618281 	    89
chr1 	  25771413 	 25771616 	    16
chr1 	  25800324 	 25800616 	    35
chr1 	  25819631 	 25820884 	   120
chr1 	  25858981 	 25859865 	    72
chr1 	  25875231 	 25876025 	    86
chr1 	  25905459 	 25907133 	   157
chr1 	  25922714 	 25923122 	    47
chr1 	  25998058 	 25998443 	    33
chr1 	  26035102 	 26036217 	    78
chr1 	  26045790 	 26046822 	   103
chr1 	  26110828 	 26112426 	   161
chr1 	  26161316 	 26162115 	    84
chr1 	  26164031 	 26164557 	    46
chr1 	  26169688 	 26170333 	    68
chr1 	  26225026 	 26225703 	    50
chr1 	  26233958 	 26234537 	    64
chr1 	  26279871 	 26280422 	    67
chr1 	  26306345 	 26306798 	    38
chr1 	  26336047 	 26336975 	    73
chr1 	  26345954 	 26346159 	    15
chr1 	  26360025 	 26360790 	    66
chr1 	  26411091 	 26411657 	    51
chr1 	  26432001 	 26432365 	    36
chr1 	  26471875 	 26473351 	   159
chr1 	  26500185 	 26501489 	   125
chr1 	  26529580 	 26530193 	    80
chr1 	  26620353 	 26621585 	   119
chr1 	  26695342 	 26697530 	   217
chr1 	  26787627 	 26788201 	    58
chr1 	  26817249 	 26817462 	    24
chr1 	  26826739 	 26827183 	    62
chr1 	  26863421 	 26863637 	    17
chr1 	  26864575 	 26865486 	    80
chr1 	  26889670 	 26890554 	    93
chr1 	  26900001 	 26900518 	    45
chr1 	  26921557 	 26922128 	    71
chr1 	  26959574 	 26960610 	    91
chr1 	  26993636 	 26994655 	   132
chr1 	  27006102 	 27006491 	    36
chr1 	  27012388 	 27012950 	    61
chr1 	  27154854 	 27155251 	    39
chr1 	  27201393 	 27201594 	    21
chr1 	  27234214 	 27235123 	    81
chr1 	  27321962 	 27322515 	    63
chr1 	  27349428 	 27351525 	   168
chr1 	  27356786 	 27357099 	    23
chr1 	  27360533 	 27361252 	    63
chr1 	  27365921 	 27366752 	    96
chr1 	  27383110 	 27383341 	    24
chr1 	  27392388 	 27392845 	    57
chr1 	  27489831 	 27490342 	    55
chr1 	  27527800 	 27528452 	    60
chr1 	  27547906 	 27548127 	    16
chr1 	  27549881 	 27551036 	    83
chr1 	  27568416 	 27569013 	    63
chr1 	  27575289 	 27576177 	    98
chr1 	  27603071 	 27603749 	    76
chr1 	  27615354 	 27615813 	    39
chr1 	  27634056 	 27634512 	    59
chr1 	  27635048 	 27635299 	    24
chr1 	  27659794 	 27660297 	    62
chr1 	  27668216 	 27668520 	    33
chr1 	  27725634 	 27726491 	    81
chr1 	  27773117 	 27773520 	    39
chr1 	  27830710 	 27831277 	    52
chr1 	  27872520 	 27872746 	    24
chr1 	  27914073 	 27915024 	    81
chr1 	  27958509 	 27958793 	    22
chr1 	  27959508 	 27960327 	    81
chr1 	  28088587 	 28088801 	    23
chr1 	  28232634 	 28233086 	    36
chr1 	  28235999 	 28236465 	    37
chr1 	  28247190 	 28247511 	    27
chr1 	  28259320 	 28260622 	   130
chr1 	  28328854 	 28329156 	    27
chr1 	  28369530 	 28370220 	    61
chr1 	  28518141 	 28518781 	    78
chr1 	  28530525 	 28530799 	    29
chr1 	  28552890 	 28553192 	    32
chr1 	  28581557 	 28582287 	    77
chr1 	  28592479 	 28592942 	    58
chr1 	  28643041 	 28643386 	    38
chr1 	  28668659 	 28669321 	    71
chr1 	  28736554 	 28737803 	   136
chr1 	  28775278 	 28775557 	    26
chr1 	  28811989 	 28812836 	    95
chr1 	  28862795 	 28863440 	    64
chr1 	  28886926 	 28887788 	    71
chr1 	  28914256 	 28915457 	   105
chr1 	  29121187 	 29125335 	   384
chr1 	  29134365 	 29134660 	    29
chr1 	  29181464 	 29182174 	    84
chr1 	  29230708 	 29231115 	    41
chr1 	  29236233 	 29238795 	   276
chr1 	  29259385 	 29260086 	    68
chr1 	  29260575 	 29260900 	    29
chr1 	  29478450 	 29478727 	    22
chr1 	  30718125 	 30719113 	   101
chr1 	  30721429 	 30721740 	    23
chr1 	  30773163 	 30773433 	    23
chr1 	  30807274 	 30807665 	    30
chr1 	  30824435 	 30824702 	    25
chr1 	  30907997 	 30909119 	   117
chr1 	  31065565 	 31066091 	    60
chr1 	  31155253 	 31155646 	    42
chr1 	  31181575 	 31181986 	    38
chr1 	  31239231 	 31239965 	    78
chr1 	  31296399 	 31297131 	    55
chr1 	  31412947 	 31414163 	   116
chr1 	  31586870 	 31587170 	    37
chr1 	  31588740 	 31589242 	    52
chr1 	  31617670 	 31618337 	    64
chr1 	  31644609 	 31645360 	    65
chr1 	  31703936 	 31704268 	    27
chr1 	  31714530 	 31714886 	    30
chr1 	  31742885 	 31743103 	    21
chr1 	  31762746 	 31764651 	   184
chr1 	  31772226 	 31773060 	    75
chr1 	  31788403 	 31788752 	    28
chr1 	  31789124 	 31789407 	    25
chr1 	  31937681 	 31938781 	    82
chr1 	  31944587 	 31945029 	    39
chr1 	  32013501 	 32014982 	   155
chr1 	  32072604 	 32073451 	    80
chr1 	  32108460 	 32108717 	    19
chr1 	  32179553 	 32180213 	    65
chr1 	  32200630 	 32200859 	    20
chr1 	  32204968 	 32206284 	   105
chr1 	  32221920 	 32222439 	    40
chr1 	  32239923 	 32241540 	   130
chr1 	  32275109 	 32275943 	    74
chr1 	  32291813 	 32292433 	    57
chr1 	  32335258 	 32336628 	   148
chr1 	  32351114 	 32351987 	    86
chr1 	  32361343 	 32362416 	   107
chr1 	  32394169 	 32394747 	    43
chr1 	  32426827 	 32427234 	    30
chr1 	  32464899 	 32465460 	    54
chr1 	  32500543 	 32500962 	    64
chr1 	  32539399 	 32540138 	   106
chr1 	  32650942 	 32651762 	    96
chr1 	  32702418 	 32703264 	    86
chr1 	  32712270 	 32712490 	    27
chr1 	  32741533 	 32742273 	   110
chr1 	  32753826 	 32754379 	    63
chr1 	  32817074 	 32818305 	   104
chr1 	  32870665 	 32871157 	    74
chr1 	  32886085 	 32886796 	    65
chr1 	  32892868 	 32893848 	    84
chr1 	  32901191 	 32901721 	    77
chr1 	  32963930 	 32965015 	   101
chr1 	  32972857 	 32973378 	    47
chr1 	  33036600 	 33037118 	    40
chr1 	  33050993 	 33051332 	    42
chr1 	  33080923 	 33081642 	    60
chr1 	  33127290 	 33127554 	    25
chr1 	  33147375 	 33147720 	    26
chr1 	  33159658 	 33159926 	    24
chr1 	  33180725 	 33182272 	   128
chr1 	  33255847 	 33257064 	   137
chr1 	  33276173 	 33276780 	    54
chr1 	  33306545 	 33307174 	    78
chr1 	  33349182 	 33350169 	   121
chr1 	  33430401 	 33431328 	   110
chr1 	  33472424 	 33472727 	    30
chr1 	  33625005 	 33625254 	    20
chr1 	  33633296 	 33633519 	    18
chr1 	  34163182 	 34165375 	   160
chr1 	  34176781 	 34177423 	    60
chr1 	  34761427 	 34761675 	    22
chr1 	  34781275 	 34781998 	    61
chr1 	  34784817 	 34785135 	    26
chr1 	  34792963 	 34793190 	    29
chr1 	  34859581 	 34859949 	    38
chr1 	  34865683 	 34866808 	   104
chr1 	  34868703 	 34868905 	    24
chr1 	  34885430 	 34886253 	    80
chr1 	  34929209 	 34930605 	   120
chr1 	  34976636 	 34977276 	    59
chr1 	  34985048 	 34985436 	    38
chr1 	  35031520 	 35031986 	    40
chr1 	  35079326 	 35079702 	    35
chr1 	  35120730 	 35120990 	    25
chr1 	  35191866 	 35192723 	    98
chr1 	  35192872 	 35193210 	    26
chr1 	  35268622 	 35269254 	    69
chr1 	  35557079 	 35558233 	    95
chr1 	  35573248 	 35574450 	   134
chr1 	  35576831 	 35577843 	   103
chr1 	  35641368 	 35641660 	    31
chr1 	  35707805 	 35708378 	    67
chr1 	  35718647 	 35719185 	    60
chr1 	  35769323 	 35770199 	    82
chr1 	  35807898 	 35808860 	    87
chr1 	  35882900 	 35883201 	    29
chr1 	  35883702 	 35884069 	    27
chr1 	  35930648 	 35931661 	   131
chr1 	  36083953 	 36084420 	    39
chr1 	  36088724 	 36089354 	    67
chr1 	  36124854 	 36125520 	    89
chr1 	  36149254 	 36149861 	    61
chr1 	  36155850 	 36156709 	   104
chr1 	  36176155 	 36176860 	    73
chr1 	  36178354 	 36179042 	    52
chr1 	  36224158 	 36224486 	    39
chr1 	  36306229 	 36307408 	   110
chr1 	  36320899 	 36323801 	   232
chr1 	  36341761 	 36341983 	    20
chr1 	  36385488 	 36386272 	    76
chr1 	  36397610 	 36398002 	    43
chr1 	  36450195 	 36450723 	    46
chr1 	  36463813 	 36464530 	    63
chr1 	  37032776 	 37035023 	   233
chr1 	  37318010 	 37318657 	    44
chr1 	  37474122 	 37474620 	    66
chr1 	  37514311 	 37514964 	    71
chr1 	  37554005 	 37554222 	    30
chr1 	  37556851 	 37557118 	    21
chr1 	  37595827 	 37596139 	    41
chr1 	  37634005 	 37635192 	   112
chr1 	  37690370 	 37690607 	    19
chr1 	  37691623 	 37692914 	   105
chr1 	  37752518 	 37753223 	    93
chr1 	  37753621 	 37754340 	    52
chr1 	  37761407 	 37762069 	    69
chr1 	  37764166 	 37765216 	    75
chr1 	  37793423 	 37794755 	   155
chr1 	  37807736 	 37808730 	   121
chr1 	  37859478 	 37860327 	    64
chr1 	  37931564 	 37932049 	    53
chr1 	  37989560 	 37990097 	    37
chr1 	  37995912 	 37996316 	    42
chr1 	  38005167 	 38005699 	    76
chr1 	  38012410 	 38013055 	    47
chr1 	  38044430 	 38047970 	   353
chr1 	  38578493 	 38578861 	    42
chr1 	  38708707 	 38709268 	    45
chr1 	  38804057 	 38804579 	    72
chr1 	  38817937 	 38818904 	    89
chr1 	  38859143 	 38860049 	    72
chr1 	  38872807 	 38873677 	    82
chr1 	  38990983 	 38991599 	    64
chr1 	  39080967 	 39082287 	   142
chr1 	  39104993 	 39106187 	   142
chr1 	  39408346 	 39409567 	   115
chr1 	  39490752 	 39492465 	   201
chr1 	  39514693 	 39516096 	   127
chr1 	  39575645 	 39576995 	   117
chr1 	  39639338 	 39640035 	    80
chr1 	  39671550 	 39672415 	    71
chr1 	  39683759 	 39684341 	    62
chr1 	  39691258 	 39692842 	   116
chr1 	  39738640 	 39739067 	    40
chr1 	  39770095 	 39771518 	   126
chr1 	  39788011 	 39789500 	   152
chr1 	  39883269 	 39883616 	    33
chr1 	  39900923 	 39902541 	   174
chr1 	  39954815 	 39955694 	    80
chr1 	  40039739 	 40041031 	   104
chr1 	  40096994 	 40097456 	    48
chr1 	  40132836 	 40133537 	    53
chr1 	  40161241 	 40161940 	    58
chr1 	  40257714 	 40258026 	    22
chr1 	  40258124 	 40258338 	    24
chr1 	  40303514 	 40304199 	    60
chr1 	  40315332 	 40315773 	    38
chr1 	  40316007 	 40316284 	    20
chr1 	  40316548 	 40317473 	    98
chr1 	  40373712 	 40374350 	    54
chr1 	  40449933 	 40450400 	    53
chr1 	  40477112 	 40477715 	    66
chr1 	  40508384 	 40509114 	    69
chr1 	  40531488 	 40531767 	    24
chr1 	  40654182 	 40654464 	    22
chr1 	  40665439 	 40665816 	    41
chr1 	  40691490 	 40692303 	    89
chr1 	  40783418 	 40784489 	   128
chr1 	  40802247 	 40802726 	    51
chr1 	  40818168 	 40818919 	    70
chr1 	  40819181 	 40819477 	    23
chr1 	  40838059 	 40838764 	    54
chr1 	  40861277 	 40862613 	   167
chr1 	  40884068 	 40884621 	    67
chr1 	  40979198 	 40980444 	   132
chr1 	  41017746 	 41018021 	    25
chr1 	  41241285 	 41242655 	   155
chr1 	  41361008 	 41362618 	   155
chr1 	  41366304 	 41366870 	    55
chr1 	  41381581 	 41383465 	   187
chr1 	  41423598 	 41423954 	    28
chr1 	  41496179 	 41496645 	    60
chr1 	  41516117 	 41516372 	    23
chr1 	  41661709 	 41662961 	   143
chr1 	  41917969 	 41918332 	    38
chr1 	  42035184 	 42036309 	   120
chr1 	  42145814 	 42146020 	    22
chr1 	  42334594 	 42335699 	   102
chr1 	  42380307 	 42381317 	   127
chr1 	  42456045 	 42456904 	    69
chr1 	  42463126 	 42463829 	    56
chr1 	  42658306 	 42658751 	    38
chr1 	  42681829 	 42683345 	   173
chr1 	  42738444 	 42738652 	    15
chr1 	  42766543 	 42767688 	   123
chr1 	  42785091 	 42785411 	    35
chr1 	  42816903 	 42817419 	    58
chr1 	  42846587 	 42846842 	    26
chr1 	  42887114 	 42887323 	    15
chr1 	  42887570 	 42887771 	    15
chr1 	  42888276 	 42888499 	    17
chr1 	  42924164 	 42924880 	    67
chr1 	  42957796 	 42959097 	   148
chr1 	  43007196 	 43007663 	    43
chr1 	  43068219 	 43068663 	    41
chr1 	  43147737 	 43148171 	    39
chr1 	  43171832 	 43172381 	    45
chr1 	  43272813 	 43273158 	    30
chr1 	  43304851 	 43305209 	    43
chr1 	  43348634 	 43349606 	    76
chr1 	  43358463 	 43359388 	    74
chr1 	  43367143 	 43367402 	    27
chr1 	  43367875 	 43368466 	    57
chr1 	  43389704 	 43390250 	    50
chr1 	  43453589 	 43454143 	    63
chr1 	  43530758 	 43531829 	   124
chr1 	  43565615 	 43566167 	    56
chr1 	  43591084 	 43591508 	    44
chr1 	  43597798 	 43598086 	    30
chr1 	  43605221 	 43605471 	    17
chr1 	  43649945 	 43650638 	    49
chr1 	  43706997 	 43708092 	   100
chr1 	  43933396 	 43933863 	    35
chr1 	  43936085 	 43936751 	    78
chr1 	  43946401 	 43947132 	    71
chr1 	  43969737 	 43970442 	    48
chr1 	  43974470 	 43975584 	   105
chr1 	  43978963 	 43979950 	   112
chr1 	  43991478 	 43992100 	    61
chr1 	  44029957 	 44031353 	   146
chr1 	  44103319 	 44103727 	    28
chr1 	  44213331 	 44213793 	    36
chr1 	  44354985 	 44355441 	    45
chr1 	  44405469 	 44408375 	   237
chr1 	  44417464 	 44418232 	    79
chr1 	  44617067 	 44617613 	    56
chr1 	  44631609 	 44632377 	    84
chr1 	  44654565 	 44655051 	    35
chr1 	  44674098 	 44674912 	    58
chr1 	  44724033 	 44724886 	    79
chr1 	  44739651 	 44740073 	    43
chr1 	  44775341 	 44776228 	    75
chr1 	  44784188 	 44784680 	    55
chr1 	  44786290 	 44786620 	    38
chr1 	  44799862 	 44801111 	   115
chr1 	  44806007 	 44806646 	    72
chr1 	  44813093 	 44813956 	    82
chr1 	  44842871 	 44843487 	    67
chr1 	  44986350 	 44986772 	    38
chr1 	  45010553 	 45011350 	    78
chr1 	  45205667 	 45206716 	   150
chr1 	  45303541 	 45304245 	    60
chr1 	  45326747 	 45327629 	    95
chr1 	  45339892 	 45340311 	    56
chr1 	  45490673 	 45491221 	    51
chr1 	  45499914 	 45500377 	    33
chr1 	  45521491 	 45522131 	    64
chr1 	  45550731 	 45551022 	    27
chr1 	  45583918 	 45584910 	    85
chr1 	  45622522 	 45623470 	    85
chr1 	  45686079 	 45687408 	   116
chr1 	  45750561 	 45750842 	    39
chr1 	  45803427 	 45804148 	    94
chr1 	  46132454 	 46133457 	    84
chr1 	  46167017 	 46167260 	    27
chr1 	  46203149 	 46203586 	    41
chr1 	  46240236 	 46240493 	    31
chr1 	  46247243 	 46247773 	    46
chr1 	  46301753 	 46303364 	   155
chr1 	  46340667 	 46341164 	    47
chr1 	  46394052 	 46394619 	    71
chr1 	  46448114 	 46448671 	    51
chr1 	  46466624 	 46467220 	    58
chr1 	  46474564 	 46474765 	    15
chr1 	  46485496 	 46486120 	    59
chr1 	  46489121 	 46491449 	   176
chr1 	  46532960 	 46533577 	    79
chr1 	  46543903 	 46544460 	    49
chr1 	  46603943 	 46604507 	    51
chr1 	  46612908 	 46613295 	    39
chr1 	  46616344 	 46616905 	    48
chr1 	  46668002 	 46668723 	    81
chr1 	  46718730 	 46719411 	    64
chr1 	  47023554 	 47023961 	    40
chr1 	  47225308 	 47226055 	    82
chr1 	  47230832 	 47232525 	   134
chr1 	  47314035 	 47314539 	    51
chr1 	  47333739 	 47334754 	   115
chr1 	  47416224 	 47417393 	   129
chr1 	  47433453 	 47433726 	    20
chr1 	  47433989 	 47434713 	    54
chr1 	  47437121 	 47439846 	   286
chr1 	  47444040 	 47445348 	   103
chr1 	  47449967 	 47450280 	    25
chr1 	  47508037 	 47508680 	    52
chr1 	  47533238 	 47533555 	    27
chr1 	  47593121 	 47593558 	    43
chr1 	  47708822 	 47710847 	   164
chr1 	  47725084 	 47725377 	    41
chr1 	  47984198 	 47984472 	    36
chr1 	  47994140 	 47994389 	    20
chr1 	  47996459 	 47997929 	   137
chr1 	  48471632 	 48472399 	    67
chr1 	  48776519 	 48777138 	    69
chr1 	  48898882 	 48899241 	    34
chr1 	  50023745 	 50024174 	    34
chr1 	  50047972 	 50048648 	    66
chr1 	  50332995 	 50333864 	    86
chr1 	  50415244 	 50415844 	    43
chr1 	  50416212 	 50416431 	    21
chr1 	  50416761 	 50416988 	    18
chr1 	  50417325 	 50417754 	    36
chr1 	  50418556 	 50425799 	   471
chr1 	  50426809 	 50427571 	    56
chr1 	  50427796 	 50428073 	    23
chr1 	  50959775 	 50960398 	    65
chr1 	  50968090 	 50969833 	   142
chr1 	  50977639 	 50978364 	    79
chr1 	  51236095 	 51236870 	    87
chr1 	  51330222 	 51330917 	    83
chr1 	  51344655 	 51345015 	    38
chr1 	  51518705 	 51519224 	    66
chr1 	  51616902 	 51617376 	    32
chr1 	  51729356 	 51730149 	    68
chr1 	  51878506 	 51879267 	    56
chr1 	  51990105 	 51990781 	    68
chr1 	  52032780 	 52033833 	   102
chr1 	  52055074 	 52055452 	    33
chr1 	  52056108 	 52056624 	    46
chr1 	  52141728 	 52142832 	   136
chr1 	  52365731 	 52366388 	    72
chr1 	  52368467 	 52368856 	    45
chr1 	  52404195 	 52404633 	    40
chr1 	  52552586 	 52553927 	   115
chr1 	  52602208 	 52602936 	    89
chr1 	  52632957 	 52633631 	    91
chr1 	  52698016 	 52698508 	    49
chr1 	  52726351 	 52726756 	    46
chr1 	  52842622 	 52843505 	   110
chr1 	  52920952 	 52921851 	    80
chr1 	  52927208 	 52927973 	    64
chr1 	  53061992 	 53063302 	   106
chr1 	  53078432 	 53079011 	    43
chr1 	  53092716 	 53092970 	    18
chr1 	  53196637 	 53197143 	    53
chr1 	  53220224 	 53220719 	    44
chr1 	  53238287 	 53238887 	    53
chr1 	  53276625 	 53277173 	    66
chr1 	  53283766 	 53284193 	    32
chr1 	  53326015 	 53328156 	   192
chr1 	  53438467 	 53439585 	   106
chr1 	  53459518 	 53460555 	    86
chr1 	  53737729 	 53739637 	   221
chr1 	  53838085 	 53838589 	    54
chr1 	  53889574 	 53889983 	    42
chr1 	  53945384 	 53946670 	   142
chr1 	  54052928 	 54053626 	    55
chr1 	  54121691 	 54122019 	    23
chr1 	  54200148 	 54200586 	    42
chr1 	  54356317 	 54356660 	    24
chr1 	  54390728 	 54390935 	    21
chr1 	  54405180 	 54407327 	   196
chr1 	  54474673 	 54475080 	    45
chr1 	  54488220 	 54488583 	    53
chr1 	  54489405 	 54489614 	    25
chr1 	  54499350 	 54499718 	    38
chr1 	  54542031 	 54542775 	    71
chr1 	  54715672 	 54716180 	    45
chr1 	  54764410 	 54764696 	    33
chr1 	  54781069 	 54781846 	    88
chr1 	  54800604 	 54801385 	    80
chr1 	  54805992 	 54806299 	    33
chr1 	  54886790 	 54887655 	   107
chr1 	  54980414 	 54981173 	    81
chr1 	  54997015 	 54997337 	    33
chr1 	  55039387 	 55040342 	    85
chr1 	  55214792 	 55216035 	   133
chr1 	  56477555 	 56477997 	    47
chr1 	  56578429 	 56579444 	    95
chr1 	  56644990 	 56645564 	    68
chr1 	  57422291 	 57424965 	   222
chr1 	  58249600 	 58250423 	    87
chr1 	  58546249 	 58546905 	    61
chr1 	  58576085 	 58577623 	   168
chr1 	  58781789 	 58785268 	   271
chr1 	  58814568 	 58814818 	    28
chr1 	  58815279 	 58815522 	    26
chr1 	  58816217 	 58816563 	    40
chr1 	  58903699 	 58904228 	    58
chr1 	  59146735 	 59147051 	    39
chr1 	  59296430 	 59297122 	    71
chr1 	  59814415 	 59815376 	    90
chr1 	  59926600 	 59926911 	    24
chr1 	  60073643 	 60073868 	    23
chr1 	  61042970 	 61043734 	    86
chr1 	  61050254 	 61051159 	   109
chr1 	  61053680 	 61054299 	    50
chr1 	  61076865 	 61077205 	    26
chr1 	  61083081 	 61083750 	    85
chr1 	  61654202 	 61654421 	    25
chr1 	  61724975 	 61725270 	    27
chr1 	  61742155 	 61743146 	    96
chr1 	  62194883 	 62195274 	    33
chr1 	  62318465 	 62319462 	   103
chr1 	  62435980 	 62437996 	   201
chr1 	  62687709 	 62688678 	   111
chr1 	  63316723 	 63324800 	   599
chr1 	  63329692 	 63330469 	    66
chr1 	  63367438 	 63368150 	    73
chr1 	  63593266 	 63594242 	    99
chr1 	  63773794 	 63775108 	   149
chr1 	  64469871 	 64470931 	   121
chr1 	  64505675 	 64505921 	    24
chr1 	  64744599 	 64745555 	    95
chr1 	  64965772 	 64966931 	   123
chr1 	  65002589 	 65003145 	    59
chr1 	  65066587 	 65068282 	   169
chr1 	  65147358 	 65149215 	   194
chr1 	  65254291 	 65254909 	    69
chr1 	  65265728 	 65266166 	    52
chr1 	  65309333 	 65310063 	    74
chr1 	  65420173 	 65421021 	    80
chr1 	  65525318 	 65526128 	    93
chr1 	  65792757 	 65793235 	    63
chr1 	  66533045 	 66533377 	    35
chr1 	  66752396 	 66752610 	    23
chr1 	  66925197 	 66925426 	    27
chr1 	  66930000 	 66930800 	    77
chr1 	  67053862 	 67054456 	    59
chr1 	  67134707 	 67135032 	    27
chr1 	  67429452 	 67431143 	   139
chr1 	  67685230 	 67686587 	   138
chr1 	  67832688 	 67833768 	    89
chr1 	  68046960 	 68047322 	    30
chr1 	  68050553 	 68050790 	    21
chr1 	  68051571 	 68051791 	    22
chr1 	  68163316 	 68163519 	    22
chr1 	  68230925 	 68231945 	    83
chr1 	  68496600 	 68497323 	    69
chr1 	  69567284 	 69568812 	   131
chr1 	  69919360 	 69919587 	    17
chr1 	  70205500 	 70205759 	    28
chr1 	  70354050 	 70355036 	    84
chr1 	  70410939 	 70411408 	    40
chr1 	  71046541 	 71048121 	   131
chr1 	  71080803 	 71081100 	    20
chr1 	  72283326 	 72284053 	    55
chr1 	  74198142 	 74198351 	    24
chr1 	  75125132 	 75125669 	    40
chr1 	  75130128 	 75130477 	    28
chr1 	  75131038 	 75131262 	    19
chr1 	  75134989 	 75135730 	    55
chr1 	  75136313 	 75137124 	    78
chr1 	  75614769 	 75615123 	    34
chr1 	  75615693 	 75616680 	    74
chr1 	  75724231 	 75725045 	    66
chr1 	  75796851 	 75797218 	    30
chr1 	  76867426 	 76868849 	   112
chr1 	  77219311 	 77219567 	    23
chr1 	  77281688 	 77282539 	    83
chr1 	  77682532 	 77683733 	    94
chr1 	  77759158 	 77759965 	    78
chr1 	  77811681 	 77811922 	    21
chr1 	  77888696 	 77888988 	    33
chr1 	  77978619 	 77978921 	    23
chr1 	  77979079 	 77979597 	    51
chr1 	  78045893 	 78046477 	    76
chr1 	  78490939 	 78491831 	    70
chr1 	  79006596 	 79006852 	    33
chr1 	  80330972 	 80331201 	    24
chr1 	  81800313 	 81803363 	   281
chr1 	  83860584 	 83861155 	    50
chr1 	  83998540 	 83999549 	    93
chr1 	  84077463 	 84078578 	   111
chr1 	  84298425 	 84299223 	    77
chr1 	  84479249 	 84479667 	    40
chr1 	  84505661 	 84506808 	   102
chr1 	  84574142 	 84574661 	    48
chr1 	  84620638 	 84621093 	    42
chr1 	  84689922 	 84690657 	    85
chr1 	  84754335 	 84754655 	    25
chr1 	  84892676 	 84893504 	    89
chr1 	  84996902 	 84997752 	    86
chr1 	  84998201 	 84998484 	    32
chr1 	  85047826 	 85048872 	   114
chr1 	  85200135 	 85201967 	   169
chr1 	  85259018 	 85259841 	    74
chr1 	  85276182 	 85276852 	    61
chr1 	  85464257 	 85465485 	   145
chr1 	  85576546 	 85577252 	    76
chr1 	  85580679 	 85581557 	   100
chr1 	  85616017 	 85616350 	    44
chr1 	  85708358 	 85708570 	    23
chr1 	  86155595 	 86156219 	    40
chr1 	  86156615 	 86157188 	    49
chr1 	  86395883 	 86396400 	    47
chr1 	  86552985 	 86553493 	    34
chr1 	  86704192 	 86705332 	   125
chr1 	  86914479 	 86915531 	    89
chr1 	  87131860 	 87132832 	    78
chr1 	  87151470 	 87151734 	    20
chr1 	  87152009 	 87152303 	    23
chr1 	  87328119 	 87329459 	   118
chr1 	  87331699 	 87332201 	    35
chr1 	  87335152 	 87335549 	    52
chr1 	  88462600 	 88463077 	    63
chr1 	  88683932 	 88685035 	   106
chr1 	  88891280 	 88891708 	    44
chr1 	  88992351 	 88992921 	    52
chr1 	  89524251 	 89525427 	   114
chr1 	  89632671 	 89633733 	   123
chr1 	  89763185 	 89763614 	    30
chr1 	  89820630 	 89821928 	   147
chr1 	  89843280 	 89844047 	    62
chr1 	  89994840 	 89995678 	    98
chr1 	  90706545 	 90707214 	    67
chr1 	  90710847 	 90711144 	    30
chr1 	  90716540 	 90718983 	   185
chr1 	  90719599 	 90720020 	    36
chr1 	  90723582 	 90723843 	    19
chr1 	  90724932 	 90727247 	   147
chr1 	  90835422 	 90836334 	    86
chr1 	  90850692 	 90851833 	   103
chr1 	  90893565 	 90894006 	    46
chr1 	  91021601 	 91022250 	    78
chr1 	  91404319 	 91404833 	    62
chr1 	  91500706 	 91501442 	    72
chr1 	  91535466 	 91535887 	    38
chr1 	  91546272 	 91546505 	    20
chr1 	  91546779 	 91547099 	    24
chr1 	  91885356 	 91886528 	   123
chr1 	  91949161 	 91949429 	    22
chr1 	  92029810 	 92030407 	    76
chr1 	  92080262 	 92080923 	    52
chr1 	  92217881 	 92218125 	    21
chr1 	  92298616 	 92299369 	    72
chr1 	  92480309 	 92487052 	   494
chr1 	  92784381 	 92785539 	   105
chr1 	  92831941 	 92832565 	    55
chr1 	  92960955 	 92962197 	   135
chr1 	  93079001 	 93079475 	    45
chr1 	  93180115 	 93180914 	    77
chr1 	  93345661 	 93346383 	    66
chr1 	  93447912 	 93448967 	   111
chr1 	  93680765 	 93681948 	   119
chr1 	  93846288 	 93847530 	   162
chr1 	  93847761 	 93848072 	    25
chr1 	  93878951 	 93879266 	    35
chr1 	  93908813 	 93909911 	   122
chr1 	  94237134 	 94237788 	    93
chr1 	  94247350 	 94247961 	    93
chr1 	  94417969 	 94418846 	   101
chr1 	  94541281 	 94542083 	    93
chr1 	  94820046 	 94820763 	    70
chr1 	  94926281 	 94927560 	   136
chr1 	  95072695 	 95072995 	    29
chr1 	  95117194 	 95117575 	    40
chr1 	  95234120 	 95234586 	    50
chr1 	  96721546 	 96722263 	    64
chr1 	  97920633 	 97921168 	    47
chr1 	  98045410 	 98046154 	    67
chr1 	  98053445 	 98054427 	    91
chr1 	  98661316 	 98662155 	    86
chr1 	  99004376 	 99005028 	    74
chr1 	  99264426 	 99264779 	    31
chr1 	  99849864 	 99850453 	    63
chr1 	  99969741 	 99970514 	    70
chr1 	 100037926 	100038848 	   113
chr1 	 100132574 	100133198 	    45
chr1 	 100213210 	100213542 	    38
chr1 	 100266076 	100266443 	    36
chr1 	 100352153 	100353343 	    94
chr1 	 100539012 	100540329 	   146
chr1 	 100895032 	100895276 	    21
chr1 	 100895993 	100896252 	    32
chr1 	 101025761 	101026124 	    31
chr1 	 101236229 	101236512 	    26
chr1 	 101236889 	101237189 	    35
chr1 	 103525470 	103526291 	    85
chr1 	 106080771 	106081232 	    37
chr1 	 107056583 	107057788 	   104
chr1 	 107140267 	107140509 	    18
chr1 	 107141044 	107141841 	    90
chr1 	 107480610 	107480820 	    22
chr1 	 107964629 	107965419 	    97
chr1 	 108192605 	108192891 	    25
chr1 	 108199778 	108200579 	    84
chr1 	 108272708 	108273250 	    51
chr1 	 108421127 	108421669 	    51
chr1 	 108559916 	108560590 	    87
chr1 	 108660971 	108661756 	    84
chr1 	 108692166 	108692539 	    36
chr1 	 108746396 	108747200 	    79
chr1 	 108876844 	108877416 	    71
chr1 	 108963059 	108963592 	    68
chr1 	 109041233 	109042224 	   101
chr1 	 109075957 	109076210 	    24
chr1 	 109090566 	109091010 	    44
chr1 	 109100041 	109100762 	    74
chr1 	 109113473 	109113716 	    18
chr1 	 109213842 	109214476 	    55
chr1 	 109249323 	109250101 	   109
chr1 	 109258432 	109259078 	    68
chr1 	 109281691 	109281904 	    16
chr1 	 109283088 	109283585 	    48
chr1 	 109397452 	109398272 	   108
chr1 	 109426026 	109426948 	    68
chr1 	 109466340 	109467165 	    95
chr1 	 109483831 	109484281 	    60
chr1 	 109493923 	109494321 	    38
chr1 	 109509332 	109509883 	    76
chr1 	 109548417 	109548968 	    53
chr1 	 109619842 	109620094 	    23
chr1 	 109643339 	109643542 	    16
chr1 	 109655919 	109656505 	    50
chr1 	 109667959 	109668334 	    27
chr1 	 109687616 	109687992 	    32
chr1 	 109739729 	109740684 	    86
chr1 	 109910521 	109911267 	    82
chr1 	 109984626 	109985404 	    77
chr1 	 110034781 	110035320 	    49
chr1 	 110067643 	110070681 	   271
chr1 	 110083906 	110084862 	   101
chr1 	 110130188 	110130717 	    38
chr1 	 110150366 	110151642 	   136
chr1 	 110209634 	110212172 	   260
chr1 	 110223043 	110223390 	    31
chr1 	 110337772 	110338002 	    18
chr1 	 110338320 	110340178 	   158
chr1 	 110407270 	110407918 	    67
chr1 	 110555444 	110555740 	    33
chr1 	 110606361 	110607564 	   102
chr1 	 110673622 	110675675 	   199
chr1 	 110780601 	110780811 	    16
chr1 	 110963259 	110964385 	    87
chr1 	 111139605 	111140681 	    95
chr1 	 111203691 	111204681 	    91
chr1 	 111270789 	111271231 	    36
chr1 	 111346516 	111346917 	    30
chr1 	 111448682 	111449580 	    68
chr1 	 111515562 	111515968 	    32
chr1 	 111619582 	111620215 	    59
chr1 	 111738430 	111740655 	   163
chr1 	 111755419 	111756370 	    96
chr1 	 111981846 	111982763 	    87
chr1 	 111988937 	111991151 	   208
chr1 	 112395873 	112396194 	    25
chr1 	 112466222 	112466532 	    26
chr1 	 112501788 	112502370 	    60
chr1 	 112508191 	112509679 	   143
chr1 	 112618969 	112619949 	    76
chr1 	 112674853 	112675475 	    69
chr1 	 112706720 	112707576 	    86
chr1 	 112714263 	112715438 	   106
chr1 	 112722951 	112723165 	    20
chr1 	 112743704 	112744550 	    86
chr1 	 112849520 	112850174 	    70
chr1 	 112955364 	112955584 	    17
chr1 	 112955744 	112956703 	    96
chr1 	 113072969 	113073638 	    57
chr1 	 113198851 	113199123 	    21
chr1 	 113389958 	113391448 	   149
chr1 	 113758892 	113759650 	    85
chr1 	 113811751 	113812678 	    85
chr1 	 113904832 	113905402 	    61
chr1 	 113929343 	113930277 	    79
chr1 	 114152514 	114154050 	   145
chr1 	 114154264 	114154563 	    25
chr1 	 114510439 	114511643 	   129
chr1 	 114669618 	114670364 	    65
chr1 	 114780454 	114780841 	    35
chr1 	 114854827 	114855321 	    37
chr1 	 115089229 	115089963 	    72
chr1 	 115337546 	115338711 	   103
chr1 	 115642094 	115642940 	    88
chr1 	 115828189 	115829006 	    78
chr1 	 115837738 	115839743 	   209
chr1 	 115976525 	115976916 	    46
chr1 	 116152043 	116152362 	    27
chr1 	 116167536 	116167925 	    25
chr1 	 116168216 	116168639 	    41
chr1 	 116372669 	116374191 	   155
chr1 	 116418560 	116418920 	    44
chr1 	 116534420 	116534677 	    30
chr1 	 116570338 	116571261 	    98
chr1 	 116667202 	116667999 	    78
chr1 	 116909581 	116910830 	   126
chr1 	 116944627 	116945023 	    44
chr1 	 117059766 	117060648 	    64
chr1 	 117121647 	117122526 	    86
chr1 	 117366552 	117367823 	   145
chr1 	 117605336 	117607046 	   135
chr1 	 117929217 	117930097 	    73
chr1 	 118185193 	118185474 	    23
chr1 	 118979762 	118980015 	    27
chr1 	 118984159 	118984569 	    35
chr1 	 118987196 	118988089 	    84
chr1 	 118989368 	118989573 	    19
chr1 	 118993043 	118993364 	    36
chr1 	 119000433 	119000831 	    32
chr1 	 119001198 	119001716 	    42
chr1 	 119006521 	119008697 	   180
chr1 	 119140251 	119140788 	    47
chr1 	 119327603 	119327912 	    25
chr1 	 119622679 	119624003 	   134
chr1 	 119631179 	119631761 	    40
chr1 	 119647754 	119648628 	    73
chr1 	 119712221 	119712649 	    40
chr1 	 119853186 	119853452 	    21
chr1 	 119896390 	119896597 	    22
chr1 	 120068734 	120069889 	    95
chr1 	 120176143 	120176534 	    32
chr1 	 120197101 	120197463 	    41
chr1 	 120232756 	120233196 	    43
chr1 	 120340912 	120342284 	   121
chr1 	 120354652 	120354979 	    24
chr1 	 120414673 	120415572 	    86
chr1 	 120557774 	120559061 	   109
chr1 	 120665213 	120665653 	    43
chr1 	 120700910 	120701272 	    41
chr1 	 120724170 	120724849 	    62
chr1 	 120844361 	120845208 	    60
chr1 	 120847594 	120847866 	    22
chr1 	 120851000 	120851320 	    26
chr1 	 120912704 	120914255 	   145
chr1 	 120942197 	120942586 	    32
chr1 	 120952492 	120953081 	    43
chr1 	 121008630 	121010051 	    93
chr1 	 121052119 	121052445 	    30
chr1 	 121097207 	121098110 	    87
chr1 	 121116888 	121117313 	    38
chr1 	 121118208 	121118586 	    42
chr1 	 121183931 	121187361 	   261
chr1 	 121395924 	121397197 	   137
chr1 	 121519059 	121519727 	    75
chr1 	 125085509 	125088028 	   312
chr1 	 125118139 	125119694 	   172
chr1 	 143326822 	143327608 	   145
chr1 	 143333851 	143334629 	    64
chr1 	 143353486 	143353728 	    20
chr1 	 143353867 	143354663 	    79
chr1 	 143449332 	143449557 	    17
chr1 	 143449787 	143451252 	   109
chr1 	 143487762 	143488094 	    28
chr1 	 143497155 	143498908 	   207
chr1 	 143642888 	143643745 	    76
chr1 	 143651544 	143652033 	    33
chr1 	 143653481 	143653710 	    19
chr1 	 143654586 	143654841 	    19
chr1 	 143661460 	143662025 	    46
chr1 	 143667749 	143667975 	    20
chr1 	 143729711 	143729995 	    23
chr1 	 143736121 	143736547 	    30
chr1 	 143792177 	143793138 	    67
chr1 	 143838439 	143838835 	    35
chr1 	 143839231 	143839557 	    31
chr1 	 143884628 	143885489 	    88
chr1 	 143904249 	143904674 	    42
chr1 	 143905322 	143905942 	    55
chr1 	 143971582 	143975001 	   259
chr1 	 144076476 	144078302 	   228
chr1 	 144159424 	144160202 	    65
chr1 	 144179071 	144179313 	    20
chr1 	 144179452 	144180249 	    78
chr1 	 144274948 	144275173 	    17
chr1 	 144275403 	144276868 	   118
chr1 	 144313410 	144313776 	    30
chr1 	 144322799 	144324555 	   205
chr1 	 144412227 	144412432 	    20
chr1 	 144415697 	144415979 	    22
chr1 	 144418771 	144419244 	    43
chr1 	 144461026 	144462012 	    95
chr1 	 144539941 	144540219 	    22
chr1 	 144546710 	144546942 	    18
chr1 	 144551958 	144552270 	    28
chr1 	 144560844 	144561241 	    30
chr1 	 144567610 	144568454 	    63
chr1 	 144570890 	144571162 	    23
chr1 	 144641912 	144643582 	   193
chr1 	 144652605 	144652971 	    30
chr1 	 144689507 	144690972 	   118
chr1 	 144691202 	144691427 	    17
chr1 	 144786138 	144786935 	    78
chr1 	 144787074 	144787316 	    20
chr1 	 144806180 	144806958 	    65
chr1 	 144882406 	144884035 	   201
chr1 	 145092986 	145096406 	   264
chr1 	 145167975 	145168214 	    22
chr1 	 145168572 	145169028 	    37
chr1 	 145214833 	145216221 	   123
chr1 	 145232834 	145233040 	    37
chr1 	 145280761 	145281100 	    28
chr1 	 145284240 	145284512 	    22
chr1 	 145287326 	145287743 	    35
chr1 	 145424963 	145425970 	    95
chr1 	 145431144 	145431506 	    28
chr1 	 145431845 	145432188 	    28
chr1 	 145447303 	145447803 	    36
chr1 	 145453911 	145454666 	    73
chr1 	 145459786 	145460059 	    24
chr1 	 145475568 	145475895 	    29
chr1 	 145476088 	145476326 	    20
chr1 	 145487174 	145487566 	    38
chr1 	 145488246 	145488459 	    15
chr1 	 145607838 	145608571 	    67
chr1 	 145720881 	145721118 	    17
chr1 	 145823593 	145824433 	    81
chr1 	 145845532 	145845932 	    40
chr1 	 145858692 	145859938 	    93
chr1 	 145885750 	145886256 	    36
chr1 	 145918451 	145919050 	    48
chr1 	 145927161 	145927504 	    26
chr1 	 145957606 	145958063 	    46
chr1 	 145960385 	145962107 	   130
chr1 	 145964416 	145964848 	    31
chr1 	 145996590 	145996793 	    18
chr1 	 146019304 	146019601 	    29
chr1 	 146049360 	146049712 	    30
chr1 	 146052259 	146052583 	    28
chr1 	 146228089 	146229263 	    98
chr1 	 146297774 	146298266 	    56
chr1 	 146366536 	146366808 	    22
chr1 	 146369606 	146370078 	    40
chr1 	 146376383 	146376664 	    24
chr1 	 146387042 	146387304 	    21
chr1 	 146393695 	146393976 	    24
chr1 	 146409568 	146409895 	    25
chr1 	 146472222 	146472703 	    40
chr1 	 146486758 	146487517 	    57
chr1 	 146932615 	146932898 	    25
chr1 	 146938266 	146939361 	   107
chr1 	 147050656 	147050993 	    31
chr1 	 147072439 	147072891 	    37
chr1 	 147078302 	147078527 	    19
chr1 	 147078742 	147079711 	    71
chr1 	 147079927 	147080215 	    25
chr1 	 147080779 	147081028 	    20
chr1 	 147084765 	147085129 	    28
chr1 	 147171891 	147172922 	    90
chr1 	 147178043 	147178273 	    34
chr1 	 147242439 	147243628 	   112
chr1 	 147599456 	147600151 	    81
chr1 	 147669720 	147670796 	    80
chr1 	 147908011 	147908355 	    31
chr1 	 147928241 	147928974 	    68
chr1 	 148014034 	148014396 	    26
chr1 	 148014735 	148015078 	    28
chr1 	 148032918 	148033191 	    24
chr1 	 148048703 	148049461 	    60
chr1 	 148060306 	148060698 	    37
chr1 	 148061373 	148061586 	    16
chr1 	 148146122 	148146930 	    71
chr1 	 148148925 	148149685 	    78
chr1 	 148151367 	148152377 	    93
chr1 	 148157762 	148158045 	    26
chr1 	 148159900 	148160124 	    18
chr1 	 148160687 	148160978 	    23
chr1 	 148245885 	148246644 	    59
chr1 	 148263174 	148263476 	    26
chr1 	 148264740 	148265029 	    21
chr1 	 148280753 	148281059 	    26
chr1 	 148303110 	148303477 	    30
chr1 	 148309958 	148310365 	    32
chr1 	 148317536 	148317864 	    27
chr1 	 148334776 	148335046 	    19
chr1 	 148354039 	148354260 	    16
chr1 	 148379176 	148379496 	    22
chr1 	 148402395 	148402693 	    29
chr1 	 148458796 	148460187 	   125
chr1 	 148522243 	148522448 	    18
chr1 	 148525719 	148525921 	    18
chr1 	 148528763 	148529234 	    40
chr1 	 148678842 	148680005 	   108
chr1 	 148748557 	148749049 	    56
chr1 	 148808521 	148808883 	    41
chr1 	 148844203 	148844643 	    42
chr1 	 148952011 	148953149 	    96
chr1 	 149102912 	149103904 	    98
chr1 	 149162943 	149163278 	    26
chr1 	 149175501 	149177055 	   146
chr1 	 149285604 	149286043 	    43
chr1 	 149321353 	149321715 	    41
chr1 	 149390844 	149391541 	    71
chr1 	 149558515 	149559362 	    63
chr1 	 149561770 	149561975 	    19
chr1 	 149606799 	149608359 	   145
chr1 	 149636431 	149636752 	    30
chr1 	 149646652 	149647241 	    43
chr1 	 149700786 	149701747 	    67
chr1 	 149746992 	149747368 	    34
chr1 	 149747764 	149748090 	    30
chr1 	 149792572 	149793433 	    86
chr1 	 149811969 	149812469 	    45
chr1 	 149813037 	149813657 	    58
chr1 	 149832130 	149833217 	    86
chr1 	 149840182 	149843477 	   282
chr1 	 149850334 	149853629 	   288
chr1 	 149860598 	149861685 	    86
chr1 	 149886219 	149887920 	   133
chr1 	 149899526 	149900393 	    75
chr1 	 149927733 	149928001 	    30
chr1 	 150010204 	150010911 	    70
chr1 	 150067267 	150067758 	    35
chr1 	 150149505 	150150888 	   190
chr1 	 150234623 	150235494 	    97
chr1 	 150268647 	150269254 	    54
chr1 	 150281954 	150282226 	    22
chr1 	 150294056 	150294269 	    17
chr1 	 150321386 	150321691 	    25
chr1 	 150364355 	150364580 	    16
chr1 	 150515560 	150515940 	    38
chr1 	 150548873 	150549892 	    94
chr1 	 150557179 	150557428 	    18
chr1 	 150561599 	150561825 	    19
chr1 	 150578852 	150579877 	   103
chr1 	 150629234 	150629725 	    35
chr1 	 150926143 	150926363 	    21
chr1 	 150974020 	150975474 	   136
chr1 	 151008259 	151008616 	    42
chr1 	 151047735 	151048151 	    38
chr1 	 151059291 	151059876 	    53
chr1 	 151070394 	151071095 	    47
chr1 	 151131209 	151133624 	   206
chr1 	 151145573 	151146897 	   113
chr1 	 151198371 	151199056 	    52
chr1 	 151281182 	151283293 	   153
chr1 	 151328046 	151328248 	    21
chr1 	 151346850 	151347069 	    18
chr1 	 151399381 	151400106 	    59
chr1 	 151458750 	151459556 	   112
chr1 	 151473395 	151473666 	    29
chr1 	 151511097 	151511642 	    57
chr1 	 151540185 	151540723 	    56
chr1 	 151611898 	151612729 	    88
chr1 	 151721515 	151721806 	    25
chr1 	 151762969 	151763617 	    60
chr1 	 151790128 	151791531 	   104
chr1 	 151837984 	151839208 	   143
chr1 	 151839777 	151840049 	    30
chr1 	 151909287 	151909931 	    66
chr1 	 151993181 	151994417 	   108
chr1 	 152036362 	152036636 	    23
chr1 	 152107521 	152112739 	   377
chr1 	 152188845 	152189452 	    51
chr1 	 152214974 	152215187 	    18
chr1 	 152216384 	152216597 	    18
chr1 	 152515581 	152515794 	    22
chr1 	 153260996 	153261837 	   111
chr1 	 153535948 	153536364 	    40
chr1 	 153633701 	153634498 	    68
chr1 	 153658589 	153658893 	    36
chr1 	 153670842 	153671053 	    19
chr1 	 153678354 	153679899 	   149
chr1 	 153689727 	153689963 	    20
chr1 	 153727740 	153728025 	    27
chr1 	 153775179 	153776222 	   103
chr1 	 153783481 	153783859 	    44
chr1 	 153922361 	153922810 	    48
chr1 	 153922993 	153923445 	    33
chr1 	 153941867 	153942102 	    20
chr1 	 153945896 	153946858 	    94
chr1 	 153958070 	153958654 	    58
chr1 	 153963305 	153963652 	    34
chr1 	 153967167 	153967504 	    33
chr1 	 153977236 	153978049 	    75
chr1 	 153990751 	153991034 	    26
chr1 	 154182792 	154183450 	    49
chr1 	 154220367 	154221312 	    79
chr1 	 154272234 	154272813 	    43
chr1 	 154325562 	154326068 	    46
chr1 	 154328499 	154329052 	    67
chr1 	 154405194 	154405969 	    69
chr1 	 154501631 	154503223 	   196
chr1 	 154558205 	154559089 	    82
chr1 	 154567757 	154568097 	    36
chr1 	 154571342 	154572237 	    75
chr1 	 154607904 	154608321 	    48
chr1 	 154627287 	154628029 	    66
chr1 	 154760346 	154760960 	    64
chr1 	 154772110 	154772388 	    21
chr1 	 154936486 	154937455 	    79
chr1 	 154961452 	154962259 	   103
chr1 	 154973761 	154974022 	    19
chr1 	 154974266 	154975010 	    61
chr1 	 154999394 	154999928 	    49
chr1 	 155000774 	155001882 	    74
chr1 	 155003371 	155004060 	    48
chr1 	 155050512 	155051856 	   126
chr1 	 155062449 	155064102 	   125
chr1 	 155070936 	155071446 	    50
chr1 	 155078679 	155082545 	   278
chr1 	 155084711 	155085580 	    76
chr1 	 155125958 	155127975 	   147
chr1 	 155135531 	155136135 	    59
chr1 	 155140500 	155140703 	    21
chr1 	 155172866 	155173462 	    51
chr1 	 155188536 	155192004 	   361
chr1 	 155193643 	155194027 	    30
chr1 	 155194408 	155195369 	    99
chr1 	 155208756 	155209168 	    41
chr1 	 155227119 	155227743 	    46
chr1 	 155250291 	155250758 	    39
chr1 	 155254833 	155255864 	    83
chr1 	 155262021 	155262521 	    40
chr1 	 155269487 	155269703 	    21
chr1 	 155273070 	155273645 	    67
chr1 	 155277200 	155277957 	    60
chr1 	 155294527 	155295745 	    88
chr1 	 155308616 	155308952 	    31
chr1 	 155320815 	155321210 	    34
chr1 	 155322678 	155325642 	   221
chr1 	 155562495 	155563489 	    95
chr1 	 155609941 	155610537 	    52
chr1 	 155688041 	155689334 	   120
chr1 	 155745506 	155746117 	    54
chr1 	 155859318 	155859640 	    27
chr1 	 155860404 	155860698 	    23
chr1 	 155934281 	155934516 	    27
chr1 	 155950860 	155951107 	    22
chr1 	 155977887 	155978699 	    87
chr1 	 156020598 	156020989 	    33
chr1 	 156053171 	156054188 	    77
chr1 	 156054531 	156054849 	    28
chr1 	 156076552 	156077593 	    90
chr1 	 156081448 	156081933 	    56
chr1 	 156082281 	156082799 	    42
chr1 	 156106460 	156106680 	    20
chr1 	 156114695 	156115347 	    72
chr1 	 156135916 	156136380 	    31
chr1 	 156193881 	156194261 	    31
chr1 	 156212793 	156213306 	    52
chr1 	 156216446 	156216856 	    44
chr1 	 156245577 	156246108 	    59
chr1 	 156282448 	156282924 	    35
chr1 	 156291408 	156291634 	    22
chr1 	 156338382 	156338651 	    27
chr1 	 156368967 	156369460 	    42
chr1 	 156388258 	156388771 	    49
chr1 	 156420611 	156421927 	   105
chr1 	 156435368 	156436558 	   120
chr1 	 156436713 	156436973 	    18
chr1 	 156456757 	156457570 	    58
chr1 	 156499825 	156501268 	   112
chr1 	 156505150 	156505528 	    30
chr1 	 156572307 	156572710 	    34
chr1 	 156591884 	156592088 	    21
chr1 	 156623865 	156625674 	   165
chr1 	 156641847 	156642655 	    66
chr1 	 156646761 	156647154 	    50
chr1 	 156657550 	156657784 	    25
chr1 	 156676500 	156677468 	   108
chr1 	 156705066 	156706862 	   129
chr1 	 156728319 	156729124 	    76
chr1 	 156741006 	156741354 	    27
chr1 	 156750955 	156752277 	   149
chr1 	 156767243 	156768221 	    70
chr1 	 156813731 	156814245 	    50
chr1 	 156845089 	156846000 	    74
chr1 	 156848910 	156849400 	    41
chr1 	 156859012 	156861310 	   170
chr1 	 156893623 	156893919 	    28
chr1 	 156907977 	156908350 	    38
chr1 	 156920451 	156921014 	    61
chr1 	 156923727 	156924440 	    62
chr1 	 156927407 	156928004 	    57
chr1 	 157045504 	157046163 	    86
chr1 	 157137957 	157138853 	    95
chr1 	 157194748 	157195345 	    46
chr1 	 157978930 	157979263 	    28
chr1 	 157993610 	157994157 	    53
chr1 	 158113407 	158113750 	    38
chr1 	 158149698 	158149914 	    20
chr1 	 158177643 	158178064 	    35
chr1 	 158180830 	158181713 	    72
chr1 	 159171412 	159171928 	    44
chr1 	 159188438 	159188708 	    23
chr1 	 159780626 	159781563 	    87
chr1 	 159854216 	159855130 	    87
chr1 	 159900111 	159900353 	    24
chr1 	 159924539 	159925608 	    78
chr1 	 159929642 	159930063 	    39
chr1 	 159945602 	159946007 	    44
chr1 	 160031505 	160032199 	    60
chr1 	 160070056 	160070878 	    56
chr1 	 160083931 	160084948 	   124
chr1 	 160098250 	160098640 	    29
chr1 	 160098913 	160099212 	    26
chr1 	 160205300 	160205912 	    61
chr1 	 160261965 	160262661 	    53
chr1 	 160343138 	160343548 	    38
chr1 	 160400322 	160400894 	    59
chr1 	 160419313 	160419596 	    26
chr1 	 160801893 	160802163 	    24
chr1 	 161020928 	161021435 	    41
chr1 	 161038587 	161039040 	    47
chr1 	 161079556 	161079947 	    38
chr1 	 161098272 	161099011 	    68
chr1 	 161117932 	161118322 	    44
chr1 	 161159348 	161159899 	    52
chr1 	 161166211 	161166896 	    52
chr1 	 161177271 	161177661 	    36
chr1 	 161202019 	161202466 	    41
chr1 	 161258687 	161259238 	    54
chr1 	 161313985 	161314217 	    17
chr1 	 161314328 	161314661 	    27
chr1 	 161389709 	161390596 	    77
chr1 	 161399073 	161400142 	    70
chr1 	 161440076 	161472713 	  2148
chr1 	 161524234 	161525566 	   121
chr1 	 161530638 	161530962 	    32
chr1 	 161605744 	161607118 	   129
chr1 	 161612243 	161612587 	    32
chr1 	 161725847 	161727508 	   130
chr1 	 161749624 	161750286 	    62
chr1 	 161983826 	161984249 	    28
chr1 	 162023232 	162024341 	   100
chr1 	 162069428 	162070262 	   103
chr1 	 162367086 	162367531 	    43
chr1 	 162497809 	162498237 	    49
chr1 	 162561066 	162562063 	    95
chr1 	 162790460 	162790932 	    44
chr1 	 162822386 	162822784 	    34
chr1 	 163321689 	163322231 	    52
chr1 	 163423087 	163423310 	    19
chr1 	 164321278 	164321530 	    34
chr1 	 164576303 	164576680 	    45
chr1 	 165117519 	165117789 	    29
chr1 	 165235264 	165236270 	    79
chr1 	 165352466 	165353081 	    49
chr1 	 165354249 	165354574 	    29
chr1 	 165354954 	165357091 	   181
chr1 	 165598028 	165598293 	    21
chr1 	 165630488 	165631337 	    67
chr1 	 165698307 	165698580 	    36
chr1 	 165768595 	165769112 	    41
chr1 	 165827416 	165828446 	   127
chr1 	 165941403 	165941741 	    26
chr1 	 166165021 	166167211 	   204
chr1 	 166839104 	166840107 	   112
chr1 	 166875759 	166876536 	    84
chr1 	 166884016 	166884553 	    44
chr1 	 166920539 	166921412 	   115
chr1 	 166947628 	166947978 	    36
chr1 	 166975332 	166975932 	    70
chr1 	 166988983 	166989446 	    43
chr1 	 167121338 	167121773 	    42
chr1 	 167219893 	167222124 	   193
chr1 	 167439275 	167439900 	    50
chr1 	 167454851 	167455979 	   104
chr1 	 167553232 	167553833 	    82
chr1 	 167630235 	167630602 	    45
chr1 	 167714240 	167714680 	    52
chr1 	 167715042 	167715255 	    15
chr1 	 167721741 	167722615 	    75
chr1 	 167820158 	167820409 	    28
chr1 	 167935789 	167936877 	    89
chr1 	 167937204 	167937563 	    25
chr1 	 168056270 	168056484 	    33
chr1 	 168136078 	168136920 	    77
chr1 	 168178725 	168179399 	    55
chr1 	 168225707 	168226601 	    87
chr1 	 169105528 	169107173 	   153
chr1 	 169427383 	169427631 	    20
chr1 	 169485320 	169486339 	    92
chr1 	 169794832 	169795206 	    30
chr1 	 169893314 	169893816 	    66
chr1 	 170074469 	170074856 	    30
chr1 	 170661315 	170661656 	    34
chr1 	 170664161 	170665037 	    70
chr1 	 171485378 	171486100 	    56
chr1 	 171670807 	171671084 	    26
chr1 	 171741705 	171742467 	    68
chr1 	 171781259 	171781794 	    53
chr1 	 171784276 	171784489 	    16
chr1 	 171841327 	171842185 	    82
chr1 	 172443727 	172444141 	    35
chr1 	 172532770 	172533405 	    60
chr1 	 173476839 	173477966 	   100
chr1 	 173669523 	173669906 	    32
chr1 	 173824150 	173824957 	    67
chr1 	 173868034 	173868779 	    63
chr1 	 174021667 	174022711 	    93
chr1 	 174159158 	174159909 	    98
chr1 	 174999353 	175000488 	   121
chr1 	 175023229 	175023660 	    32
chr1 	 175079414 	175079738 	    37
chr1 	 175192764 	175193087 	    27
chr1 	 175599240 	175599672 	    42
chr1 	 176206575 	176207675 	   108
chr1 	 177164256 	177164710 	    44
chr1 	 177170984 	177171187 	    23
chr1 	 177181678 	177182029 	    30
chr1 	 178037695 	178038149 	    48
chr1 	 178094118 	178094711 	    67
chr1 	 178486664 	178487151 	    49
chr1 	 178542227 	178543221 	    83
chr1 	 178724833 	178726013 	   113
chr1 	 179025723 	179026782 	   141
chr1 	 179081940 	179082813 	    83
chr1 	 179229028 	179230065 	    73
chr1 	 179293636 	179294186 	    56
chr1 	 179365659 	179366203 	    47
chr1 	 179575585 	179576172 	    71
chr1 	 179586229 	179586915 	    58
chr1 	 179591616 	179592461 	    74
chr1 	 179742812 	179744816 	   197
chr1 	 179877744 	179877971 	    23
chr1 	 179882347 	179883236 	    86
chr1 	 179954581 	179955284 	    60
chr1 	 180154420 	180155449 	   105
chr1 	 180228984 	180235840 	   471
chr1 	 180502190 	180503142 	    92
chr1 	 180631891 	180632680 	    81
chr1 	 180912180 	180913283 	   128
chr1 	 180935180 	180935575 	    46
chr1 	 180953779 	180954556 	    81
chr1 	 181022091 	181022329 	    18
chr1 	 181022583 	181023013 	    48
chr1 	 181088367 	181090040 	   184
chr1 	 181104781 	181105866 	   104
chr1 	 181318164 	181318737 	    52
chr1 	 181413154 	181413712 	    56
chr1 	 181482175 	181482913 	    58
chr1 	 181483570 	181483937 	    32
chr1 	 181485838 	181486125 	    27
chr1 	 181798357 	181798757 	    28
chr1 	 182029790 	182030206 	    51
chr1 	 182056469 	182057376 	    91
chr1 	 182390562 	182392428 	   166
chr1 	 182604240 	182604625 	    34
chr1 	 182615042 	182615410 	    33
chr1 	 182789260 	182789962 	    86
chr1 	 182839177 	182839987 	    85
chr1 	 182952684 	182953509 	    85
chr1 	 183022669 	183024235 	   168
chr1 	 183416865 	183418529 	   114
chr1 	 183472490 	183473120 	    62
chr1 	 183635148 	183636198 	    99
chr1 	 184036225 	184037632 	   140
chr1 	 184051647 	184051920 	    38
chr1 	 184386281 	184387490 	   113
chr1 	 184664089 	184664529 	    36
chr1 	 184754118 	184755304 	   116
chr1 	 184973730 	184974645 	    95
chr1 	 185045237 	185046088 	   114
chr1 	 185156718 	185157573 	    73
chr1 	 185316197 	185317234 	   114
chr1 	 186374992 	186375716 	    69
chr1 	 186680679 	186680949 	    23
chr1 	 192808502 	192809068 	    56
chr1 	 193059091 	193060141 	    94
chr1 	 193105044 	193105434 	    40
chr1 	 193121598 	193122094 	    58
chr1 	 196608578 	196608881 	    24
chr1 	 196878028 	196878288 	    29
chr1 	 197146148 	197146861 	    59
chr1 	 197200875 	197201589 	    62
chr1 	 197774801 	197775658 	   103
chr1 	 197902458 	197903169 	    83
chr1 	 197910886 	197912507 	   104
chr1 	 197915930 	197916259 	    30
chr1 	 197917958 	197918661 	    58
chr1 	 197921348 	197921694 	    27
chr1 	 198156766 	198157712 	   118
chr1 	 198159017 	198159234 	    21
chr1 	 200035346 	200035805 	    36
chr1 	 200039264 	200039919 	    78
chr1 	 200040679 	200040908 	    24
chr1 	 200041497 	200041704 	    16
chr1 	 200042272 	200042927 	    55
chr1 	 200147568 	200148076 	    45
chr1 	 200302148 	200302410 	    24
chr1 	 200409771 	200410237 	    42
chr1 	 200620424 	200620996 	    54
chr1 	 200669484 	200670256 	    74
chr1 	 200739193 	200739820 	    65
chr1 	 200873068 	200874260 	   130
chr1 	 200890948 	200891448 	    53
chr1 	 200911465 	200912142 	    58
chr1 	 201000495 	201000810 	    24
chr1 	 201023154 	201023871 	    75
chr1 	 201114330 	201115439 	   110
chr1 	 201154117 	201154618 	    44
chr1 	 201170746 	201171376 	    51
chr1 	 201226902 	201227139 	    17
chr1 	 201283324 	201284520 	    87
chr1 	 201399133 	201399904 	    77
chr1 	 201468391 	201469520 	   123
chr1 	 201481752 	201481977 	    22
chr1 	 201506757 	201507388 	    72
chr1 	 201538651 	201540189 	   110
chr1 	 201647913 	201650660 	   186
chr1 	 201739659 	201740301 	    50
chr1 	 201829085 	201829570 	    45
chr1 	 201888786 	201889178 	    41
chr1 	 201955208 	201955925 	    51
chr1 	 201982457 	201983451 	    96
chr1 	 202144023 	202145015 	   105
chr1 	 202193880 	202194262 	    46
chr1 	 202214065 	202214535 	    43
chr1 	 202341915 	202342184 	    24
chr1 	 202348529 	202349068 	    55
chr1 	 202642540 	202643911 	   104
chr1 	 202709795 	202710641 	    81
chr1 	 202806875 	202808599 	   160
chr1 	 202810662 	202811556 	    76
chr1 	 202860933 	202861795 	    80
chr1 	 202888555 	202889266 	    83
chr1 	 202927076 	202927396 	    34
chr1 	 202957751 	202958568 	    89
chr1 	 202966917 	202967499 	    49
chr1 	 203007200 	203007900 	    77
chr1 	 203026344 	203027057 	    71
chr1 	 203075594 	203076262 	    67
chr1 	 203128105 	203128368 	    24
chr1 	 203273391 	203273690 	    22
chr1 	 203305169 	203306210 	    94
chr1 	 203327149 	203327801 	    48
chr1 	 203486687 	203486913 	    16
chr1 	 203487656 	203487931 	    21
chr1 	 203629343 	203629725 	    40
chr1 	 203795440 	203796165 	    57
chr1 	 203861379 	203861773 	    28
chr1 	 204073117 	204075382 	   183
chr1 	 204151270 	204152433 	    97
chr1 	 204190470 	204190705 	    24
chr1 	 204257416 	204257780 	    25
chr1 	 204377604 	204378302 	    62
chr1 	 204411185 	204412031 	    84
chr1 	 204494165 	204494842 	    69
chr1 	 204516345 	204516703 	    33
chr1 	 204685004 	204685757 	   100
chr1 	 204981854 	204982082 	    15
chr1 	 205069656 	205070025 	    32
chr1 	 205210835 	205211782 	    95
chr1 	 205227663 	205228124 	    61
chr1 	 205228504 	205228831 	    28
chr1 	 205241567 	205242036 	    36
chr1 	 205268984 	205269418 	    35
chr1 	 205321104 	205321907 	    67
chr1 	 205343365 	205344448 	   110
chr1 	 205430602 	205430853 	    27
chr1 	 205455701 	205457360 	   143
chr1 	 205504749 	205504981 	    27
chr1 	 205528875 	205529462 	    44
chr1 	 205568623 	205569438 	    89
chr1 	 205591961 	205592345 	    33
chr1 	 205631365 	205632304 	   115
chr1 	 205662849 	205663126 	    22
chr1 	 205679847 	205680775 	    99
chr1 	 205749110 	205750217 	   100
chr1 	 205774772 	205775540 	    56
chr1 	 205812742 	205813882 	   102
chr1 	 205849770 	205850063 	    23
chr1 	 206117302 	206117793 	    46
chr1 	 206202466 	206205885 	   261
chr1 	 206506903 	206508111 	   131
chr1 	 206557069 	206557580 	    60
chr1 	 206612451 	206612677 	    26
chr1 	 206635178 	206635842 	    75
chr1 	 206684881 	206686306 	   135
chr1 	 206909348 	206909857 	    63
chr1 	 207050744 	207051105 	    38
chr1 	 207052936 	207053497 	    47
chr1 	 207321198 	207322019 	    71
chr1 	 207454186 	207454935 	    72
chr1 	 207496292 	207496670 	    34
chr1 	 207644966 	207645607 	    64
chr1 	 207669460 	207669914 	    43
chr1 	 207751826 	207752619 	    72
chr1 	 207868517 	207869373 	    94
chr1 	 207910753 	207911168 	    43
chr1 	 207958982 	207959772 	    86
chr1 	 207963321 	207963838 	    59
chr1 	 208243144 	208244284 	   122
chr1 	 209231500 	209232128 	    72
chr1 	 209625804 	209626009 	    16
chr1 	 209675098 	209676083 	    75
chr1 	 209747608 	209748000 	    28
chr1 	 209784376 	209784822 	    41
chr1 	 209805971 	209806321 	    38
chr1 	 209827784 	209828083 	    27
chr1 	 209937834 	209938709 	   114
chr1 	 210232598 	210233905 	   134
chr1 	 210234056 	210234292 	    20
chr1 	 210292364 	210292867 	    51
chr1 	 210328743 	210329449 	    89
chr1 	 210683717 	210683920 	    16
chr1 	 211133325 	211134333 	    92
chr1 	 211207064 	211207441 	    38
chr1 	 211258763 	211260792 	   161
chr1 	 211326589 	211327294 	    88
chr1 	 211382597 	211382990 	    42
chr1 	 211416335 	211416879 	    71
chr1 	 211478964 	211479412 	    41
chr1 	 211515119 	211515762 	    66
chr1 	 211577779 	211579835 	   180
chr1 	 211675299 	211675834 	    43
chr1 	 211830089 	211830938 	   128
chr1 	 212035495 	212036022 	    47
chr1 	 212284625 	212286352 	   181
chr1 	 212414249 	212414942 	    77
chr1 	 212432763 	212433502 	    59
chr1 	 212514885 	212515106 	    18
chr1 	 212558326 	212559115 	    79
chr1 	 212606809 	212609744 	   243
chr1 	 212699118 	212700706 	   170
chr1 	 212791524 	212792005 	    45
chr1 	 212858017 	212858777 	    84
chr1 	 212950305 	212951750 	   103
chr1 	 213015177 	213015482 	    29
chr1 	 213015657 	213015919 	    20
chr1 	 213051269 	213051525 	    27
chr1 	 213389396 	213389615 	    19
chr1 	 213979871 	213980325 	    42
chr1 	 213982657 	213983508 	    84
chr1 	 213985383 	213985737 	    40
chr1 	 213987455 	213987691 	    25
chr1 	 213989165 	213989394 	    25
chr1 	 214187264 	214187585 	    34
chr1 	 214280753 	214281704 	   123
chr1 	 214383822 	214384099 	    20
chr1 	 214550761 	214552185 	   124
chr1 	 214602913 	214603592 	    52
chr1 	 214605565 	214606366 	    78
chr1 	 214608319 	214609213 	    82
chr1 	 214870434 	214870660 	    23
chr1 	 215082708 	215083293 	    57
chr1 	 215567164 	215567923 	    76
chr1 	 216600997 	216601392 	    43
chr1 	 217089656 	217089872 	    29
chr1 	 217134402 	217135837 	    99
chr1 	 217137407 	217137836 	    46
chr1 	 217138125 	217138431 	    25
chr1 	 217630925 	217631135 	    21
chr1 	 218164438 	218165691 	   120
chr1 	 218284677 	218285342 	    55
chr1 	 218345715 	218346332 	    57
chr1 	 218346945 	218347164 	    21
chr1 	 219173767 	219174230 	    46
chr1 	 219612992 	219613220 	    21
chr1 	 219927790 	219928805 	   116
chr1 	 220046074 	220046719 	    64
chr1 	 220093972 	220094592 	    63
chr1 	 220272138 	220272591 	    37
chr1 	 220528119 	220529006 	   105
chr1 	 220690165 	220690907 	    85
chr1 	 220748069 	220748555 	    45
chr1 	 220786674 	220787261 	    53
chr1 	 220877106 	220877522 	    43
chr1 	 220878624 	220880331 	   141
chr1 	 220881212 	220881546 	    24
chr1 	 220882150 	220882458 	    26
chr1 	 220884121 	220884870 	    51
chr1 	 220887508 	220887729 	    21
chr1 	 220891547 	220892258 	    49
chr1 	 220894105 	220894843 	    66
chr1 	 220895440 	220895817 	    31
chr1 	 221742132 	221743462 	   128
chr1 	 222465419 	222465631 	    30
chr1 	 222589679 	222589928 	    22
chr1 	 222617605 	222617878 	    21
chr1 	 222618057 	222618741 	    71
chr1 	 222644125 	222644329 	    19
chr1 	 222711984 	222712888 	    70
chr1 	 222814994 	222815219 	    33
chr1 	 223081476 	223081699 	    19
chr1 	 223142843 	223143347 	    57
chr1 	 223363500 	223365286 	   183
chr1 	 223393300 	223393926 	    61
chr1 	 223394339 	223394644 	    25
chr1 	 223712288 	223713121 	    90
chr1 	 223748640 	223749342 	    68
chr1 	 223845383 	223846561 	   138
chr1 	 223992560 	223993122 	    63
chr1 	 224114206 	224114770 	    46
chr1 	 224182883 	224184053 	   130
chr1 	 224330027 	224330491 	    37
chr1 	 224356821 	224357522 	    69
chr1 	 224615935 	224617612 	   156
chr1 	 224617706 	224618151 	    29
chr1 	 224929518 	224930079 	    60
chr1 	 225427019 	225428810 	   178
chr1 	 225475063 	225475339 	    31
chr1 	 225652568 	225654093 	   168
chr1 	 225677366 	225677626 	    25
chr1 	 225777628 	225778032 	    35
chr1 	 225809944 	225810531 	    76
chr1 	 225881905 	225883198 	   119
chr1 	 225887450 	225887980 	    61
chr1 	 225923942 	225924852 	    88
chr1 	 225939412 	225939995 	    64
chr1 	 225999102 	225999635 	    51
chr1 	 226061756 	226063756 	   171
chr1 	 226083022 	226084140 	   101
chr1 	 226109586 	226110885 	   138
chr1 	 226121258 	226122775 	   182
chr1 	 226186334 	226187059 	    66
chr1 	 226223306 	226224179 	   103
chr1 	 226308660 	226309800 	   134
chr1 	 226407632 	226408238 	    82
chr1 	 226548679 	226549711 	   120
chr1 	 226641881 	226642102 	    15
chr1 	 226703331 	226703680 	    49
chr1 	 226736859 	226738852 	   171
chr1 	 226870344 	226871205 	    83
chr1 	 226939368 	226940729 	   128
chr1 	 226976038 	226976536 	    38
chr1 	 227317745 	227319051 	   104
chr1 	 227494515 	227495237 	    51
chr1 	 227506086 	227506808 	    51
chr1 	 227541814 	227542791 	   105
chr1 	 227558456 	227558753 	    23
chr1 	 227560722 	227561159 	    43
chr1 	 227563708 	227563934 	    25
chr1 	 227734942 	227735730 	   100
chr1 	 227786727 	227787126 	    31
chr1 	 227787594 	227788869 	   114
chr1 	 227816126 	227816382 	    21
chr1 	 227887676 	227888049 	    32
chr1 	 227925249 	227925514 	    25
chr1 	 227946721 	227948581 	   204
chr1 	 227973667 	227973875 	    15
chr1 	 228006395 	228008811 	   236
chr1 	 228037741 	228038308 	    69
chr1 	 228058930 	228059496 	    66
chr1 	 228082028 	228083800 	   166
chr1 	 228101968 	228103483 	   140
chr1 	 228107667 	228107868 	    14
chr1 	 228109095 	228109575 	    52
chr1 	 228139807 	228140859 	   118
chr1 	 228157676 	228158999 	   141
chr1 	 228165407 	228166285 	   101
chr1 	 228173916 	228174990 	    97
chr1 	 228211770 	228214336 	   251
chr1 	 228215531 	228215827 	    22
chr1 	 228216447 	228216696 	    23
chr1 	 228217016 	228217312 	    23
chr1 	 228269760 	228270019 	    30
chr1 	 228274184 	228274438 	    22
chr1 	 228275548 	228276787 	    94
chr1 	 228280263 	228280796 	    41
chr1 	 228286134 	228286342 	    17
chr1 	 228315855 	228317061 	    94
chr1 	 228321852 	228322062 	    18
chr1 	 228360376 	228360629 	    19
chr1 	 228378248 	228379420 	   103
chr1 	 228394727 	228395193 	    32
chr1 	 228406110 	228407012 	   113
chr1 	 228416005 	228416866 	    75
chr1 	 228424879 	228425402 	    49
chr1 	 228445681 	228446426 	    57
chr1 	 228457406 	228458733 	   120
chr1 	 228463746 	228464828 	    84
chr1 	 228469626 	228469860 	    20
chr1 	 228471236 	228471451 	    23
chr1 	 228486645 	228487914 	   125
chr1 	 228555165 	228555760 	    55
chr1 	 228556409 	228556706 	    30
chr1 	 228557122 	228557873 	    69
chr1 	 228608374 	228608660 	    29
chr1 	 228609104 	228609855 	    70
chr1 	 228610423 	228610901 	    45
chr1 	 228611345 	228612096 	    69
chr1 	 228612664 	228613142 	    45
chr1 	 228613586 	228614337 	    70
chr1 	 228614905 	228615383 	    45
chr1 	 228615827 	228616578 	    70
chr1 	 228617146 	228617624 	    44
chr1 	 228618072 	228618819 	    70
chr1 	 228619387 	228619865 	    45
chr1 	 228620299 	228621043 	    71
chr1 	 228621602 	228622080 	    44
chr1 	 228622502 	228623254 	    70
chr1 	 228623822 	228624300 	    44
chr1 	 228624744 	228625496 	    70
chr1 	 228626064 	228626542 	    45
chr1 	 228626988 	228627735 	    70
chr1 	 228628303 	228628781 	    45
chr1 	 228629225 	228629977 	    70
chr1 	 228630545 	228631023 	    45
chr1 	 228631467 	228632218 	    70
chr1 	 228632786 	228633264 	    45
chr1 	 228633712 	228634458 	    69
chr1 	 228635026 	228635503 	    45
chr1 	 228635937 	228636683 	    67
chr1 	 228637251 	228637729 	    45
chr1 	 228638173 	228638924 	    70
chr1 	 228639492 	228639970 	    45
chr1 	 228640404 	228641155 	    70
chr1 	 228641718 	228642201 	    46
chr1 	 228642645 	228643396 	    70
chr1 	 228643959 	228644442 	    46
chr1 	 228644876 	228645627 	    70
chr1 	 228646195 	228648421 	   150
chr1 	 228650239 	228650457 	    17
chr1 	 228735063 	228736550 	   157
chr1 	 228754995 	228755204 	    20
chr1 	 229270899 	229271382 	    70
chr1 	 229342162 	229343188 	   129
chr1 	 229407196 	229408023 	    69
chr1 	 229431459 	229434937 	   245
chr1 	 229507966 	229508546 	    57
chr1 	 229558025 	229559327 	   171
chr1 	 229594594 	229594870 	    21
chr1 	 229625381 	229626552 	   147
chr1 	 230066747 	230068462 	   171
chr1 	 230279596 	230279943 	    24
chr1 	 230332758 	230333104 	    25
chr1 	 230356970 	230357199 	    19
chr1 	 230425357 	230426956 	   198
chr1 	 230642331 	230642847 	    58
chr1 	 230867885 	230868909 	   119
chr1 	 230978125 	230979127 	    73
chr1 	 231039316 	231041263 	   193
chr1 	 231160813 	231161599 	    57
chr1 	 231162066 	231163651 	   168
chr1 	 231241050 	231241497 	    41
chr1 	 231337519 	231338636 	   101
chr1 	 231420935 	231422701 	   172
chr1 	 231528253 	231528862 	    56
chr1 	 231626712 	231627369 	    63
chr1 	 232629342 	232630784 	   173
chr1 	 232805308 	232805961 	    69
chr1 	 232950445 	232950849 	    40
chr1 	 232986181 	232986390 	    18
chr1 	 233295403 	233295794 	    38
chr1 	 233327251 	233328765 	   157
chr1 	 233361961 	233362171 	    17
chr1 	 233613698 	233614804 	    91
chr1 	 233904707 	233905711 	   118
chr1 	 234214138 	234214725 	    63
chr1 	 234231389 	234231750 	    35
chr1 	 234356738 	234356967 	    17
chr1 	 234373237 	234373755 	    48
chr1 	 234478190 	234479226 	   159
chr1 	 234599788 	234600374 	    62
chr1 	 234608530 	234611278 	   329
chr1 	 235104239 	235104514 	    30
chr1 	 235128425 	235129072 	    69
chr1 	 235160949 	235161402 	    46
chr1 	 235327023 	235328845 	   157
chr1 	 235503789 	235505319 	   148
chr1 	 235642018 	235642471 	    35
chr1 	 235648541 	235650766 	   208
chr1 	 235650980 	235651188 	    15
chr1 	 235866287 	235867297 	   113
chr1 	 235993573 	235993971 	    37
chr1 	 236064382 	236065517 	   132
chr1 	 236141458 	236141725 	    23
chr1 	 236142009 	236143374 	   168
chr1 	 236281303 	236282400 	   108
chr1 	 236348053 	236348477 	    37
chr1 	 236395159 	236395850 	    75
chr1 	 236523771 	236524308 	    49
chr1 	 236604061 	236604698 	    44
chr1 	 236686172 	236687023 	    93
chr1 	 236795014 	236795902 	    84
chr1 	 237041826 	237043344 	   169
chr1 	 237783887 	237784148 	    22
chr1 	 239386955 	239388039 	    91
chr1 	 239997537 	239998316 	   105
chr1 	 240091659 	240093763 	   185
chr1 	 240207559 	240208226 	    48
chr1 	 240406020 	240406379 	    26
chr1 	 240492874 	240493420 	    51
chr1 	 240823354 	240823609 	    29
chr1 	 241356639 	241357490 	   104
chr1 	 241424301 	241424583 	    28
chr1 	 241519173 	241519812 	    76
chr1 	 241639881 	241640159 	    20
chr1 	 241640245 	241640590 	    56
chr1 	 241847849 	241848442 	    57
chr1 	 242056982 	242057313 	    29
chr1 	 242057447 	242057698 	    19
chr1 	 242523614 	242525380 	   177
chr1 	 242890295 	242890770 	    43
chr1 	 243101638 	243101894 	    34
chr1 	 243254439 	243255473 	    91
chr1 	 243474337 	243474840 	    48
chr1 	 243483092 	243483586 	    36
chr1 	 243487688 	243488227 	    38
chr1 	 243489111 	243489461 	    28
chr1 	 243849410 	243851290 	   166
chr1 	 243917238 	243917791 	    55
chr1 	 243931453 	243931815 	    26
chr1 	 243979549 	243979753 	    14
chr1 	 244047732 	244049607 	   169
chr1 	 244050095 	244050317 	    16
chr1 	 244054972 	244055236 	    26
chr1 	 244451150 	244452299 	   103
chr1 	 244461199 	244461618 	    47
chr1 	 244652897 	244653778 	    99
chr1 	 244730139 	244731064 	   109
chr1 	 244834721 	244835840 	   118
chr1 	 244862882 	244864718 	   200
chr1 	 244918661 	244919029 	    47
chr1 	 244969999 	244971409 	   133
chr1 	 245153245 	245156945 	   323
chr1 	 245335581 	245335916 	    23
chr1 	 245577691 	245577902 	    17
chr1 	 245590097 	245590334 	    26
chr1 	 245673021 	245673445 	    38
chr1 	 245685237 	245685801 	    43
chr1 	 245687875 	245689212 	   110
chr1 	 245974473 	245976257 	   132
chr1 	 246251446 	246252267 	    70
chr1 	 246506846 	246507466 	    74
chr1 	 246565905 	246566974 	    88
chr1 	 246619895 	246620615 	    42
chr1 	 246723962 	246724726 	    85
chr1 	 246788912 	246789209 	    34
chr1 	 246931183 	246932365 	   144
chr1 	 247007566 	247008132 	    53
chr1 	 247078277 	247078899 	    55
chr1 	 247103877 	247104582 	    58
chr1 	 247111283 	247112455 	   132
chr1 	 247115902 	247116159 	    17
chr1 	 247126361 	247126923 	    66
chr1 	 247171518 	247172080 	    66
chr1 	 247210433 	247211002 	    46
chr1 	 247300546 	247301408 	    61
chr1 	 247330947 	247332538 	   170
chr1 	 247406013 	247406500 	    36
chr1 	 247451393 	247451642 	    17
chr1 	 247518097 	247518649 	    65
chr1 	 247530733 	247531199 	    51
chr1 	 247639436 	247639839 	    52
chr1 	 247857028 	247857950 	    99
chr1 	 247937023 	247937424 	    38
chr1 	 248691729 	248692169 	    49
chr1 	 248746583 	248748276 	   138
chr1 	 248811896 	248812318 	    43
chr1 	 248826251 	248826532 	    33
chr1 	 248837881 	248839111 	   129
chr1 	 248847364 	248848597 	   145
chr1 	 248858212 	248859220 	    85
chr1 	 248873209 	248873811 	    48
chr1 	 248906053 	248906791 	    80
